level4,tri_1km,near_dist,areatri1km,tri_1km_quintiles
01.001.000100.1,0,14957.32,0,1
01.001.000100.2,0,18218.82,0,2
01.001.000200.1,0,9671.61,1,3
01.001.000300.1,0,22603.87,0,2
01.002.000300.1,0,9127.39,0,2
01.002.000300.2,0,9017.06,0,2
01.002.000300.3,0,8063.89,0,3
01.002.000300.4,0,4047.23,0,2
01.002.000300.5,0,4126.55,0,1
01.002.000400.1,0,8605.56,0,4
01.002.000400.2,0,8182.4,0,5
01.002.000400.3,0,2407.11,1,1
01.002.000400.4,0,10010.5,0,5
01.002.000400.5,0,7866.79,0,3
01.002.000400.6,0,6004.17,0,2
01.002.000400.7,0,7250.36,0,2
01.002.000400.8,0,10727.57,0,3
01.002.000400.9,0,7438.71,0,2
01.002.000500.1,0,13127.29,0,2
01.002.000500.2,0,12087.39,0,3
01.002.000500.3,0,9808.08,0,2
01.002.000500.4,0,13220.36,0,4
01.002.000500.5,0,11682.88,0,3
01.002.000500.6,0,10212.54,0,5
01.002.000500.7,0,12413.16,0,5
01.002.000500.8,0,11946.42,0,4
01.002.000500.9,0,11144.05,0,4
01.002.000600.1,0,11043.32,0,2
01.002.000600.2,0,5142.92,0,5
01.002.000600.3,0,7296.17,0,2
01.002.000600.4,0,8422.86,0,5
01.002.000600.5,0,10026.61,0,5
01.002.000600.6,0,9440.81,0,2
01.002.000600.7,0,5228.43,0,5
01.002.000600.8,0,9151.74,0,4
01.002.000600.9,0,8153.48,0,3
01.002.000700.1,0,8703.37,0,1
01.002.000700.2,0,9544.94,0,3
01.002.000700.3,0,5813.17,0,1
01.002.000700.4,0,6611.61,0,3
01.002.000700.5,0,7672.41,0,5
01.002.000700.6,0,7424.37,0,5
01.002.000700.7,0,8279.19,0,1
01.002.000800.1,0,9225.15,0,3
01.002.000800.2,0,8670.18,0,5
01.002.000800.3,0,7034.09,0,5
01.002.000800.4,0,7297.13,0,4
01.002.000800.5,0,8143.09,0,3
01.002.000800.6,0,5535.1,0,2
01.002.000800.7,0,8408.93,0,2
01.002.000900.1,0,7742.76,0,5
01.002.000900.2,0,7170.08,0,3
01.002.000900.3,0,6749.01,0,1
01.002.000900.4,0,6593.83,0,1
01.002.000900.5,0,6019.69,0,5
01.002.000900.6,0,6179.13,0,4
01.002.000900.7,0,5561.78,0,2
01.002.000900.8,0,5734.02,0,5
01.002.000900.9,0,5722.72,0,1
01.002.001000.1,0,6650.11,0,2
01.002.001000.2,0,7002.33,0,3
01.002.001000.3,0,6112.26,0,3
01.002.001000.4,0,6782.53,0,2
01.002.001000.5,0,6021.03,0,4
01.002.001000.6,0,6010.17,0,4
01.002.001000.7,0,5539.41,0,3
01.002.001100.1,0,4269.59,0,4
01.002.001100.2,0,4598.76,0,1
01.002.001100.3,0,5297.46,0,5
01.002.001100.4,0,5915.12,0,1
01.002.001100.5,0,5087.39,0,3
01.002.001100.6,0,5872.99,0,4
01.002.001100.7,0,5470.43,0,5
01.002.001200.1,0,5077.63,0,5
01.002.001200.2,0,5104.82,0,5
01.002.001200.3,0,5117.35,0,5
01.002.001200.4,0,4827.26,0,3
01.002.001200.5,0,4698.53,0,1
01.002.001200.6,0,4623.65,0,2
01.002.001200.7,0,4485.27,0,1
01.002.001300.1,0,4299.6,0,5
01.002.001300.2,0,4457.85,0,4
01.002.001300.3,0,3698.81,0,1
01.002.001300.4,0,3602.04,0,4
01.002.001300.5,0,2900.54,0,1
01.002.001300.6,0,1764.96,0,5
01.002.001300.7,1,524.21,1,5
01.002.001300.8,0,1615.57,1,5
01.002.001300.9,0,2581.6,0,2
01.002.001400.1,0,3910.24,0,4
01.002.001400.2,0,3704.07,0,2
01.002.001400.3,0,3443.96,0,1
01.002.001400.4,0,3778.26,0,5
01.002.001400.5,0,2729.07,0,1
01.002.001400.6,0,1472.77,1,5
01.002.001400.7,0,1774.55,1,3
01.002.001400.8,0,3924.48,0,4
01.002.001400.9,0,1922.25,0,3
01.002.001500.1,0,1172.1,1,2
01.002.001500.2,0,2363.8,0,2
01.002.001500.3,1,618.03,1,5
01.002.001500.4,0,1640.75,1,1
01.002.001500.5,0,2972.27,0,4
01.002.001500.6,0,4080.99,0,2
01.002.001500.7,0,3514.85,0,3
01.002.001500.8,0,3787.09,0,4
01.002.001600.1,0,4357.65,0,4
01.002.001600.2,0,6796.39,0,2
01.002.001600.3,0,2713.12,0,2
01.002.001600.4,0,2101.58,0,1
01.002.001600.5,0,5411.2,0,4
01.002.001600.6,0,3512.96,0,1
01.002.001600.7,0,6837.38,0,1
01.002.001600.8,0,6342.98,0,2
01.002.001700.1,0,11422.56,0,1
01.002.001700.2,0,9990.45,0,3
01.002.001700.3,0,8202.39,0,2
01.002.001700.4,0,7092.38,0,3
01.002.001700.5,0,8813.76,0,2
01.002.001700.6,0,7773.11,0,5
01.002.001700.7,0,11928.63,0,3
01.002.001700.8,0,9452,0,4
01.002.001700.9,0,10194.02,0,2
01.002.001800.1,0,4575.17,0,4
01.002.001800.2,0,5676.19,0,4
01.002.001800.3,0,5414.94,0,4
01.002.001800.4,0,6109.26,0,1
01.002.001800.5,0,7036.03,0,2
01.002.001800.6,0,6368.48,0,4
01.002.001800.7,0,6773.41,0,3
01.002.001800.8,0,7246.63,0,5
01.002.001900.1,0,8801.2,0,3
01.002.001900.2,0,7917.81,0,3
01.002.001900.3,0,7613.93,0,2
01.002.001900.4,0,9114,0,4
01.002.001900.5,0,8095.89,0,4
01.002.001900.6,0,8167.43,0,3
01.002.001900.7,0,8350.05,0,3
01.002.001900.8,0,8769.4,0,3
01.002.002000.1,0,10044.77,0,1
01.002.002000.2,0,12801.47,0,5
01.002.002000.3,0,11891.03,0,4
01.002.002000.4,0,15180.16,0,2
01.002.002000.5,0,11310.03,0,1
01.002.002100.1,0,8349.91,0,4
01.002.002100.2,0,10005.99,0,1
01.002.002100.3,0,10455.91,0,5
01.002.002100.4,0,9778.47,0,1
01.002.002100.5,0,10245.51,0,1
01.002.002100.6,0,9519.08,0,1
01.002.002100.7,0,9872.84,0,5
01.002.002100.8,0,11045.56,0,2
01.002.002200.1,0,11061.64,0,4
01.002.002200.2,0,12083.42,0,3
01.002.002200.3,0,12075.89,0,4
01.002.002200.4,0,13104.52,0,4
01.002.002200.5,0,12265.27,0,1
01.002.002200.6,0,16650.79,0,1
01.002.002300.1,0,14522.14,0,1
01.002.002300.2,0,15385.89,0,3
01.002.002300.3,0,15341.15,0,5
01.002.002300.4,0,15332.96,0,1
01.002.002300.5,0,16123.22,0,3
01.002.002300.6,0,16716.95,0,4
01.002.002300.7,0,13674.14,0,2
01.002.002300.8,0,17812.99,0,1
01.003.003300.1,0,32153.48,0,4
01.003.003400.1,0,20047.05,0,1
01.003.003400.2,0,15344.95,0,4
01.003.003400.3,0,15067.33,0,1
01.003.003400.4,0,16185.52,0,3
01.003.003400.5,0,12486.53,0,5
01.003.003400.6,0,8396.54,0,4
01.004.011100.1,0,6296.96,0,5
01.004.011100.2,0,8668.91,0,4
01.004.011100.3,0,6100.69,0,1
01.004.011100.4,0,12116.3,0,1
01.004.011100.5,0,15934.22,0,4
01.004.011200.1,0,21919.86,0,3
01.004.011200.2,0,18369.4,0,2
01.004.011200.3,0,17664.33,0,4
01.004.011200.4,0,19981.13,0,3
01.004.011200.5,0,21353.75,0,3
01.004.011200.6,0,22522.46,0,1
01.004.011300.1,0,18707.32,0,2
01.004.011300.2,0,22710.52,0,5
01.004.011300.3,0,21384.92,0,5
01.004.011300.4,0,20335.07,0,2
01.004.011300.5,0,20357.03,0,5
01.004.011400.1,0,19153.64,0,4
01.004.011400.2,0,18345.55,0,1
01.004.011400.3,0,17579.35,0,4
01.004.011400.4,0,15788.88,0,3
01.004.011400.5,0,17212.42,0,4
01.004.011400.6,0,16136.06,0,5
01.004.011400.7,0,16862.37,0,3
01.004.011400.8,0,16104.01,0,4
01.004.011400.9,0,16778.47,0,3
01.004.011500.1,0,17574.48,0,4
01.004.011500.2,0,13128.07,0,3
01.004.011500.3,0,15540.85,0,4
01.004.011500.4,0,16119.95,0,1
01.004.011500.5,0,16527.78,0,1
01.004.011500.6,0,15980.15,0,4
01.004.011500.7,0,14668.78,0,1
01.004.011500.8,0,15538.61,0,2
01.004.011500.9,0,14731.95,0,1
01.004.011600.1,0,14726.86,0,3
01.004.011600.2,0,15495.78,0,1
01.004.011600.3,0,15685.79,0,3
01.004.011600.4,0,15004.31,0,1
01.004.011600.5,0,14477.3,0,4
01.004.011600.6,0,14089.34,0,5
01.004.011600.7,0,14273.63,0,4
01.004.011600.8,0,14833.55,0,5
01.004.011600.9,0,13721.82,0,5
01.004.011700.1,0,12958.5,0,4
01.004.011700.2,0,13436.52,0,2
01.004.011700.3,0,13530.43,0,5
01.004.011700.4,0,12618.75,0,1
01.004.011700.5,0,10855.23,0,1
01.004.011700.6,0,11331.02,0,2
01.004.011700.7,0,12311.75,0,2
01.004.011700.8,0,10254.14,0,3
01.004.011700.9,0,11106.22,0,3
01.004.011800.1,0,13135.53,0,3
01.004.011800.2,0,9338.57,0,1
01.004.011900.1,0,19821.41,0,2
01.004.011900.2,0,17386.91,0,4
01.004.011900.3,0,10656.49,0,4
01.005.002400.1,0,10008.67,1,2
01.005.002400.2,0,32903.01,0,3
01.006.002500.1,0,29130.28,0,5
01.006.002500.2,0,27983.24,0,4
01.006.002500.3,0,34373.41,0,1
01.006.002600.1,0,28016.81,0,5
01.006.002600.2,0,47553.58,0,4
01.006.002700.1,0,31840.27,0,1
01.007.012000.1,0,27855.96,0,3
01.007.012000.2,0,27051.03,0,5
01.007.012000.3,0,40046,0,4
01.007.012100.1,0,27347.19,0,1
01.007.012100.2,0,29055.71,0,3
01.007.012100.3,0,30183.18,0,4
01.007.012100.4,0,31617.05,0,4
01.007.012100.5,0,30105.82,0,3
01.007.012100.6,0,30122.73,0,3
01.007.012200.1,0,27448.3,0,1
01.007.012200.2,0,28769.72,0,2
01.007.012200.3,0,28187.38,0,5
01.007.012200.4,0,28860.09,0,5
01.007.012200.5,0,29616.23,0,1
01.007.012200.6,0,29141.95,0,2
01.007.012200.7,0,28604.06,0,2
01.007.012300.1,0,23934.62,0,1
01.007.012300.2,0,36910.67,0,1
01.007.012400.1,0,33511.19,0,3
01.007.012400.2,0,25723.05,0,3
01.007.012400.3,0,26672.14,0,1
01.007.012500.1,0,37391.32,0,5
01.008.001000.1,0,9097.31,0,4
01.008.001000.2,0,8019.17,0,2
01.008.001000.3,0,8489.95,0,3
01.008.001000.4,0,9066.89,0,2
01.008.001000.5,0,9760.4,0,3
01.008.001000.6,0,9952,0,3
01.008.001000.7,0,9470.1,0,3
01.008.001000.8,0,8810,0,1
01.008.001000.9,0,10216.21,0,4
01.008.002900.1,0,3719.42,0,3
01.008.002900.2,0,3236.6,0,4
01.008.002900.3,0,3716.67,0,4
01.008.002900.4,0,4155.74,0,5
01.008.002900.5,0,4305.12,0,1
01.008.002900.6,0,3548.66,0,5
01.008.002900.7,0,3985.96,0,4
01.008.003500.1,0,8827.39,1,5
01.008.003500.2,0,3754.45,1,2
01.008.003500.3,0,2476.46,1,5
01.008.003500.4,0,16075.41,0,3
01.008.003600.1,0,13037.19,0,4
01.008.003600.2,0,5924.64,0,3
01.008.003600.3,0,5860.94,0,4
01.008.003600.4,0,9868.97,0,4
01.008.003700.1,0,4209.08,0,5
01.008.003700.2,0,4043.21,0,3
01.008.003700.3,0,4586.8,0,3
01.008.003700.4,0,4987.3,0,2
01.008.003700.5,0,3871.32,0,5
01.008.003700.6,0,4236.11,0,3
01.008.003700.7,0,3129.01,0,2
01.008.003700.8,0,4659.98,0,2
01.008.003700.9,0,2827.38,0,3
01.008.003800.1,0,3729.63,0,4
01.008.003800.2,0,4337.55,0,3
01.008.003800.3,0,4940,0,1
01.008.003800.4,0,2194.26,0,3
01.008.003800.5,0,2691.2,0,4
01.008.003800.6,0,3177.14,0,4
01.008.003800.7,0,4745.87,0,3
01.008.003800.8,0,3257.73,0,1
01.008.003900.1,0,7983.19,0,1
01.008.003900.2,0,6309.47,0,3
01.008.003900.3,0,7456.98,0,1
01.008.003900.4,0,8730.87,0,3
01.008.003900.5,0,6927.24,0,2
01.008.003900.6,0,7365.8,0,4
01.008.003900.7,0,6614.2,0,5
01.008.003900.8,0,8049.42,0,5
01.008.003901.1,0,6550.08,0,2
01.008.003901.2,0,8805.58,0,4
01.008.003901.3,0,6870.47,0,2
01.008.003901.4,0,5619.61,0,1
01.008.003901.5,0,8082.18,0,2
01.008.003901.6,0,6287.77,0,1
01.008.003901.7,0,8682.33,0,3
01.008.003901.9,0,8958.72,0,5
01.008.004000.1,0,4349.23,0,2
01.008.004000.2,0,5647.22,0,5
01.008.004000.3,0,4365.6,0,2
01.008.004000.4,0,6052.56,0,2
01.008.004000.5,0,4772.46,0,1
01.008.004000.6,0,3392.89,0,3
01.008.004000.7,0,4074,0,3
01.008.004100.1,0,4004.61,0,1
01.008.004100.2,0,5416.02,0,4
01.008.004100.3,0,5727.5,0,3
01.008.004100.4,0,4621.77,0,1
01.008.004100.5,0,4443,0,2
01.008.004100.6,0,4798.3,0,3
01.008.004100.7,0,4993.87,0,5
01.008.004100.8,0,3953.47,0,3
01.008.004200.1,0,6840.76,0,5
01.008.004200.2,0,7432.89,0,1
01.008.004200.3,0,7444.78,0,1
01.008.004200.4,0,7245.19,0,4
01.008.004200.5,0,6681.01,0,3
01.008.004200.6,0,6638.91,0,5
01.008.004300.1,0,8030.72,0,4
01.008.004300.2,0,8585.38,0,3
01.008.004300.3,0,7902.15,0,1
01.008.004300.4,0,8240.16,0,5
01.008.004300.5,0,8013.86,0,1
01.008.004300.6,0,7310.31,0,4
01.008.004300.7,0,6792.61,0,5
01.008.004300.8,0,6674.09,0,3
01.008.004400.1,0,10204.02,0,2
01.008.004400.2,0,9532.69,0,3
01.008.004400.3,0,9901.67,0,2
01.008.004400.4,0,9240.64,0,5
01.008.004400.5,0,8812.48,0,4
01.008.004400.6,0,8989.49,0,4
01.008.004400.7,0,8370.89,0,4
01.008.004400.8,0,8554.5,0,1
01.008.004500.1,0,7672.41,0,4
01.008.004500.2,0,7927.05,0,5
01.008.004500.3,0,8129.39,0,4
01.008.004500.4,0,8251.59,0,4
01.008.004500.5,0,7474.85,0,1
01.008.004500.6,0,7148.06,0,1
01.008.004500.7,0,7077.95,0,4
01.008.004600.1,0,5838.04,0,2
01.008.004600.2,0,6036.04,0,4
01.008.004600.3,0,4957.82,0,2
01.008.004600.4,0,5114.07,0,4
01.008.004600.5,0,5288.17,0,1
01.008.004600.6,0,4137.57,0,3
01.008.004600.7,0,4316.57,0,2
01.008.004600.8,0,4527.92,0,2
01.008.004700.1,0,6538.39,0,4
01.008.004700.2,0,6784.69,0,4
01.008.004700.3,0,6312.72,0,3
01.008.004700.4,0,5516.41,0,1
01.008.004700.5,0,5768.63,0,4
01.008.004700.6,0,6040.69,0,4
01.008.004700.7,0,4787.74,0,2
01.008.004700.8,0,5072.52,0,4
01.008.004700.9,0,5383.58,0,4
01.008.004800.1,0,7148.15,0,4
01.008.004800.2,0,7399.5,0,2
01.008.004800.3,0,7699.82,0,5
01.008.004800.4,0,6348.72,0,2
01.008.004800.5,0,6682.41,0,4
01.008.004800.6,0,7027.59,0,1
01.008.004800.7,0,5738.06,0,4
01.008.004800.8,0,6476.47,0,1
01.008.004800.9,0,6104.9,0,5
01.008.004900.1,0,8931.29,0,3
01.008.004900.2,0,8039.01,0,2
01.008.004900.3,0,8819.01,0,2
01.008.004900.4,0,9468.91,0,1
01.008.004900.5,0,8395.03,0,2
01.008.004900.6,0,9031.58,0,5
01.008.005000.1,0,7388.41,0,1
01.008.005000.2,0,7778.13,0,1
01.008.005000.3,0,6863.72,0,4
01.008.005000.4,0,7260.26,0,2
01.008.005000.5,0,7730.78,0,1
01.008.005000.6,0,7785.23,0,1
01.008.005000.7,0,6851.74,0,5
01.008.005000.8,0,7282.75,0,1
01.008.005100.1,0,11411.65,0,1
01.008.005100.2,0,12986.44,0,4
01.008.005100.3,0,12307.28,0,3
01.008.005100.4,0,12228.77,0,3
01.008.005100.5,0,11323.24,0,2
01.008.005100.6,0,10589.17,0,2
01.008.005200.1,0,10426.5,0,5
01.008.005200.2,0,10816.21,0,2
01.008.005200.3,0,10433.98,0,1
01.008.005200.4,0,10083.2,0,3
01.008.005200.5,0,10091.89,0,3
01.008.005200.6,0,9396.35,0,2
01.008.005200.7,0,9450.41,0,5
01.008.005300.1,0,8648.68,0,5
01.008.005300.2,0,8726.71,0,3
01.008.005300.3,0,8724.09,0,2
01.008.005300.4,0,7975.54,0,5
01.008.005300.5,0,7161.3,0,2
01.008.005300.6,0,7325.26,0,5
01.008.005300.7,0,7858.52,0,4
01.008.005300.8,0,8452.27,0,2
01.008.005400.1,0,7692.33,0,5
01.008.005400.2,0,7366.75,0,4
01.008.005400.3,0,7245.52,0,3
01.008.005400.4,0,6847.56,0,5
01.008.005400.5,0,6286.37,0,2
01.008.005500.1,0,6748.83,0,1
01.008.005500.2,0,6882.64,0,1
01.008.005500.3,0,6651.36,0,3
01.008.005500.4,0,6423.37,0,4
01.008.005500.5,0,6122.36,0,5
01.008.005500.6,0,5870.58,0,4
01.008.005500.7,0,5623.41,0,4
01.008.005600.1,0,4386.21,0,5
01.008.005600.2,0,6099.05,0,1
01.008.005600.3,0,5334.07,0,4
01.008.005600.4,0,4849.57,0,4
01.008.005600.5,0,3825.69,0,2
01.008.005600.6,0,5361.95,0,4
01.008.005700.1,0,6035.35,0,1
01.008.005700.2,0,5238.5,0,2
01.008.005700.3,0,4617.65,0,2
01.008.005700.4,0,6391.44,0,2
01.008.005700.5,0,5993.43,0,3
01.008.005700.6,0,5188.36,0,4
01.008.005700.7,0,5580.91,0,3
01.008.005800.1,0,4578.18,0,2
01.008.005800.2,0,3737.13,0,2
01.008.005800.3,0,5231.56,0,3
01.008.005800.4,0,3569.84,0,1
01.008.005800.5,0,4124.02,0,2
01.008.005800.6,0,5267.55,0,1
01.008.005900.1,0,2229.31,1,3
01.008.005900.2,0,3759.61,0,1
01.008.005900.3,0,2963.62,0,5
01.008.005900.4,1,582.99,1,5
01.008.005900.5,1,468.77,1,5
01.008.005900.6,0,2109.37,0,2
01.008.005900.7,0,1345.39,1,4
01.008.005900.8,0,2792.32,0,1
01.008.006000.1,0,7897.69,0,1
01.008.006000.2,0,5586.14,0,3
01.008.006000.3,0,5883.09,0,3
01.008.006000.4,0,4118.72,0,5
01.008.006000.5,0,4496.12,0,2
01.008.006000.6,0,6270.74,0,2
01.008.006000.7,0,4031.07,0,5
01.008.006100.1,0,3376.72,0,4
01.008.006100.2,0,4508.84,0,2
01.008.006100.3,0,3593.68,0,3
01.008.006100.4,0,3847.48,0,1
01.008.006100.5,0,2737.33,0,1
01.008.006100.6,0,2997.01,0,2
01.008.006100.7,0,2155.57,0,2
01.008.006100.8,0,3131.24,0,1
01.008.006200.1,0,5857.08,0,3
01.008.006200.2,0,4264.52,0,5
01.008.006200.3,0,3644.2,0,3
01.008.006200.4,0,5061.66,0,2
01.008.006200.5,0,3527.98,0,3
01.008.006200.6,0,2979.14,0,4
01.008.006300.1,0,4677.2,0,4
01.008.006300.2,0,5508.67,0,1
01.008.006300.3,0,5984.07,0,2
01.008.006300.4,0,5137.64,0,2
01.008.006300.5,0,5520.25,0,2
01.008.006300.6,0,4596.22,0,4
01.008.006300.7,0,5982.65,0,4
01.008.006400.1,0,7985.91,0,4
01.008.006400.2,0,7003.45,0,5
01.008.006400.3,0,6413.25,0,2
01.008.006400.4,0,7496.05,0,1
01.008.006400.5,0,8507.1,0,4
01.008.006400.6,0,6930.95,0,5
01.008.006400.7,0,6155.43,0,5
01.008.006500.1,0,8103.45,0,1
01.008.006500.2,0,9093.43,0,1
01.008.006500.3,0,7962.68,0,3
01.008.006500.4,0,9063.75,0,5
01.008.006500.5,0,7750.51,0,3
01.008.006500.6,0,8461.17,0,1
01.008.006500.7,0,7822.47,0,3
01.008.006600.1,0,6044.38,0,3
01.008.006600.2,0,6826.93,0,1
01.008.006600.3,0,6863.17,0,2
01.008.006600.4,0,6074.92,0,4
01.008.006600.5,0,6109.91,0,2
01.008.006600.6,0,6901.22,0,1
01.008.006600.7,0,6285.91,0,4
01.008.006600.8,0,7016.47,0,3
01.008.006700.1,0,1654.6,0,3
01.008.006700.2,0,2026.51,0,3
01.008.006700.3,0,1320.19,0,4
01.008.006700.4,0,1792.05,0,2
01.008.006700.5,0,1918.49,0,1
01.008.006700.6,0,2803.77,0,4
01.008.006800.1,0,2433.41,0,5
01.008.006800.2,0,2551.48,0,4
01.008.006800.3,0,2755.64,0,1
01.008.006800.4,0,2273.55,0,4
01.008.006800.5,0,2702.41,0,3
01.008.006800.6,0,3118.75,0,5
01.008.006900.1,0,4818.05,0,5
01.008.006900.2,0,5431.92,0,2
01.008.006900.3,0,4436.35,0,3
01.008.006900.4,0,4896.16,0,2
01.008.006900.5,0,5285.04,0,3
01.008.006900.6,0,5575.56,0,5
01.008.007000.1,0,9179.2,0,4
01.008.007000.2,0,9628.67,0,1
01.008.007000.3,0,7337.6,0,4
01.008.007000.4,0,7859.79,0,5
01.008.007000.5,0,8424.96,0,5
01.008.007000.6,0,7991.23,0,4
01.008.007000.7,0,8973.9,0,5
01.008.007100.1,0,5246.53,0,2
01.008.007100.2,0,6081.9,0,1
01.008.007100.3,0,6644.4,0,5
01.008.007100.4,0,7043.73,0,5
01.008.007100.5,0,5684.29,0,3
01.008.007100.6,0,6351.33,0,5
01.008.007100.7,0,7658.39,0,4
01.008.007200.1,0,1110.75,1,2
01.008.007200.2,0,2311.96,0,3
01.008.007200.3,0,3312.76,0,3
01.008.007200.4,0,3508.59,0,1
01.008.007200.5,0,2786.72,0,1
01.008.007200.6,0,3281.64,0,4
01.008.007300.1,0,2280.84,0,4
01.008.007300.2,0,2627.49,0,1
01.008.007300.3,0,2362.17,0,3
01.008.007300.4,0,3234.43,0,1
01.008.007300.5,0,3670.77,0,3
01.008.007300.6,0,4252.81,0,3
01.008.007300.7,0,4075.65,0,1
01.008.007400.1,0,3796.01,0,5
01.008.007400.2,0,3636.67,0,4
01.008.007400.3,0,4377.16,0,2
01.008.007400.4,0,4430.13,0,3
01.008.007400.5,0,4629.22,0,2
01.008.007400.6,0,5264.18,0,3
01.008.007400.7,0,4958.05,0,2
01.008.007400.8,0,5725.71,0,5
01.008.007500.1,0,4376.1,0,3
01.008.007500.2,0,5116.88,0,3
01.008.007500.3,0,6263.13,0,4
01.008.007500.4,0,6172.11,0,4
01.008.007500.5,0,6935.41,0,2
01.008.007500.6,0,5781.25,0,4
01.008.007500.7,0,5838.11,0,5
01.008.007500.8,0,6443.02,0,4
01.008.007600.1,0,7164.77,0,3
01.008.007600.2,0,7434.94,0,3
01.008.007600.3,0,6222.78,0,1
01.008.007600.4,0,7324.78,0,1
01.008.007600.5,0,6954.08,0,5
01.008.007600.6,0,7904.42,0,1
01.008.007600.7,0,6802.33,0,2
01.008.007600.8,0,8233.59,0,1
01.008.007700.1,0,5332.18,0,4
01.008.007700.2,0,5470.75,0,4
01.008.007700.3,0,5261.59,0,5
01.008.007700.4,0,4579.05,0,2
01.008.007700.5,0,4144.28,0,1
01.008.007700.6,0,4003.8,0,4
01.008.007700.7,0,3874.83,0,5
01.008.007800.1,0,4855.78,0,1
01.008.007800.2,0,4952,0,5
01.008.007800.3,0,4714.57,0,5
01.008.007800.4,0,4239.53,0,3
01.008.007800.5,0,3914.9,0,5
01.008.007800.6,0,4023.83,0,1
01.008.007800.7,0,3596.4,0,4
01.008.007800.8,0,3002.08,0,5
01.008.007900.1,0,5656.84,0,5
01.008.007900.2,0,4856.59,0,3
01.008.007900.3,0,5069.52,0,1
01.008.007900.4,0,4058.78,0,2
01.008.008000.1,0,3905.93,0,4
01.008.008000.2,0,4994.99,0,4
01.008.008000.3,0,4693.34,0,5
01.008.008000.4,0,4340.88,0,2
01.008.008000.5,0,4331.9,0,5
01.008.008000.6,0,3945.71,0,3
01.008.008000.7,0,4440.7,0,2
01.008.008100.1,0,2748.19,0,4
01.008.008100.2,0,3167.9,0,5
01.008.008100.3,0,3250.3,0,2
01.008.008100.4,0,4197.84,0,1
01.008.008100.5,0,3600.73,0,2
01.008.008100.6,0,3867.24,0,5
01.008.008100.7,0,2414.02,0,1
01.008.008200.1,0,3228.81,0,3
01.008.008200.2,0,3806.94,0,2
01.008.008200.3,0,3135.85,0,3
01.008.008200.4,0,2728.29,0,4
01.008.008200.5,0,1982.82,0,2
01.008.008200.6,0,1601.59,0,5
01.008.008200.7,0,1372.34,1,3
01.008.008300.1,0,3210.22,0,1
01.008.008300.2,0,3311.33,0,1
01.008.008300.3,0,2441.41,0,4
01.008.008300.4,0,2614.34,0,2
01.008.008300.5,0,1588.13,0,2
01.008.008300.6,0,1635.94,0,2
01.008.008300.7,1,791.35,1,5
01.008.008300.8,1,924.92,1,5
01.008.008400.1,0,3226.55,0,1
01.008.008400.2,0,2728.58,0,3
01.008.008400.3,0,1720.42,1,2
01.008.008400.4,0,2238.22,0,4
01.008.008400.5,0,2627.75,0,4
01.008.008400.6,0,3312.21,0,1
01.008.008400.7,0,2583.19,0,3
01.008.008500.1,0,1465.35,1,5
01.008.008500.2,0,1976.17,0,2
01.008.008500.3,0,2184.6,0,5
01.008.008500.4,1,517.85,1,5
01.008.008500.5,0,1016.91,1,1
01.008.008500.6,0,1149.3,1,5
01.008.008500.7,0,1792.24,0,5
01.008.008500.8,0,2211.34,0,1
01.008.008600.1,0,4147.25,0,3
01.008.008600.2,0,4741.44,0,5
01.008.008600.3,0,3122.08,0,4
01.008.008600.4,0,3555.68,0,2
01.008.008600.5,0,4621.92,0,4
01.008.008600.6,0,2546.19,0,5
01.008.008700.1,0,5014.22,0,1
01.008.008700.2,0,5376.85,0,1
01.008.008700.3,0,5075.8,0,1
01.008.008700.4,0,5708.51,0,2
01.008.008700.5,0,6178.84,0,3
01.008.008700.6,0,5824.69,0,1
01.008.008700.7,0,6912.59,0,3
01.008.008700.8,0,7356.29,0,3
01.008.008800.1,0,4501.68,0,4
01.008.008800.2,0,3323.68,0,4
01.008.008800.3,0,2528.74,0,3
01.008.008800.4,0,4107.81,0,2
01.008.008800.5,0,4280.21,0,2
01.008.008800.6,0,4951.84,0,3
01.008.008900.1,0,2673.87,0,3
01.008.008900.2,0,3495.49,0,2
01.008.008900.3,0,2408.65,0,3
01.008.008900.4,0,2726.56,0,3
01.008.008900.5,0,3298.61,0,1
01.008.008900.6,0,3737.28,0,4
01.008.008900.7,0,4084.79,0,1
01.008.009000.1,0,6159.34,0,2
01.008.009000.2,0,4449.32,0,1
01.008.009000.3,0,5331.77,0,5
01.008.009000.4,0,7497.57,0,1
01.008.009000.5,0,4814.16,0,5
01.008.009000.6,0,7301.79,0,2
01.008.009000.7,0,7805.17,0,2
01.008.009000.8,0,7321.02,0,2
01.008.009100.1,0,4592.81,0,5
01.008.009100.2,0,4077.75,0,1
01.008.009100.3,0,4335.41,0,2
01.008.009100.4,0,7382.87,0,1
01.008.009100.5,0,5921.11,0,3
01.008.009100.6,0,10077.31,0,3
01.008.009100.7,0,6807.59,0,3
01.008.009200.1,0,3609.75,0,2
01.008.009200.2,0,4066.16,0,5
01.008.009200.3,0,3978.71,0,2
01.008.009200.4,0,4417.57,0,2
01.008.009200.5,0,5417.13,0,5
01.008.009200.6,0,5524.9,0,5
01.008.009200.7,0,6953.09,0,1
01.008.009200.8,0,7420.92,0,3
01.008.009300.1,0,5666.06,0,5
01.008.009300.2,0,5943.81,0,4
01.008.009300.3,0,5615.89,0,1
01.008.009300.4,0,6859.03,0,5
01.008.009300.5,0,7533.94,0,4
01.008.009300.6,0,7328.11,0,1
01.008.009300.7,0,7884.64,0,4
01.008.009300.8,0,8263.59,0,3
01.008.009400.1,0,9362.71,0,4
01.008.009400.2,0,9468.51,0,1
01.008.009400.3,0,10100.95,0,5
01.008.009400.4,0,10236.53,0,4
01.008.009400.5,0,12123.14,0,5
01.008.009400.6,0,11810.25,0,5
01.008.009400.7,0,11756.76,0,2
01.008.009400.8,0,11838.33,0,3
01.008.009400.9,0,13790.77,0,1
01.008.009401.1,0,13773.36,0,4
01.008.009401.2,0,13816.53,0,2
01.008.009401.3,0,13410.68,0,2
01.008.009401.4,0,14859.26,0,4
01.008.009500.1,0,6909.7,0,4
01.008.009500.2,0,6570.97,0,5
01.008.009500.3,0,9152.88,0,2
01.008.009500.4,0,7643.36,0,5
01.008.009500.5,0,9177.75,0,5
01.008.009500.6,0,11029.08,0,2
01.008.009500.7,0,10842.18,0,5
01.008.009500.8,0,12292.19,0,3
01.008.009500.9,0,12618.45,0,4
01.008.009600.1,0,7663.65,0,3
01.008.009600.2,0,7715.28,0,5
01.008.009600.3,0,8014.44,0,3
01.008.009600.4,0,8115.73,0,1
01.008.009600.5,0,8898.13,0,5
01.008.009600.6,0,8380.31,0,4
01.008.009600.7,0,8739,0,3
01.008.009600.8,0,8474.33,0,2
01.008.009600.9,0,9222.57,0,3
01.008.009700.1,0,8700.66,0,3
01.008.009700.2,0,10590.52,0,4
01.008.009700.3,0,9433.53,0,3
01.008.009700.4,0,9026.75,0,5
01.008.009700.5,0,8391.37,0,5
01.008.009700.6,0,8157.98,0,4
01.008.009700.7,0,8918.73,0,2
01.008.009700.8,0,9608.41,0,3
01.008.009800.1,0,13604.64,0,3
01.008.009800.2,0,11342.95,0,1
01.008.009800.3,0,12491.31,0,2
01.008.009800.4,0,11811.68,0,2
01.008.009800.5,0,13274.77,0,3
01.008.009800.6,0,15178.21,0,4
01.008.009800.7,0,14050.79,0,4
01.008.009900.1,0,9736.64,0,4
01.008.009900.2,0,10323.78,0,1
01.008.009900.3,0,10883.04,0,2
01.008.009900.4,0,9575.73,0,5
01.008.009900.5,0,10341.8,0,2
01.008.009900.6,0,11340.55,0,2
01.008.009900.7,0,12142.6,0,5
01.008.009900.8,0,11799.55,0,4
01.008.010100.1,0,9671.7,0,3
01.008.010100.2,0,10840.58,0,4
01.008.010100.3,0,10942.56,0,3
01.008.010100.4,0,10415.8,0,1
01.008.010100.5,0,11756.45,0,4
01.008.010100.6,0,11762.17,0,1
01.008.010200.1,0,12387.95,0,4
01.008.010200.2,0,13169.62,0,3
01.008.010200.3,0,12998.29,0,5
01.008.010200.4,0,13345.84,0,5
01.008.010200.5,0,14627.88,0,3
01.008.010200.6,0,13478.99,0,2
01.008.010200.7,0,14055.27,0,1
01.008.010200.8,0,15162.7,0,3
01.008.010300.1,0,10952.86,0,3
01.008.010300.2,0,11685.83,0,3
01.008.010300.3,0,9942.32,0,5
01.008.010300.4,0,10600.2,0,5
01.008.010300.5,0,10604.02,0,1
01.008.010300.6,0,11045.99,0,4
01.008.010300.7,0,11328.54,0,2
01.008.010300.8,0,11919.78,0,4
01.008.010300.9,0,11501.51,0,1
01.008.010400.1,0,12224.95,0,2
01.008.010400.2,0,12769.71,0,3
01.008.010400.3,0,11686.7,0,1
01.008.010400.4,0,12662.43,0,3
01.008.010400.5,0,13045.66,0,5
01.008.010400.6,0,12628.68,0,5
01.008.010400.7,0,13760.81,0,1
01.008.010400.8,0,13199.35,0,2
01.008.010500.1,0,12223.31,0,3
01.008.010500.2,0,12525.08,0,2
01.008.010500.3,0,13241.85,0,1
01.008.010500.4,0,12597.43,0,5
01.008.010500.5,0,13169.67,0,4
01.008.010500.6,0,13762.62,0,5
01.008.010500.7,0,14499.32,0,2
01.008.010500.8,0,13984.81,0,2
01.008.010500.9,0,14941.21,0,3
01.008.010600.1,0,15942.11,0,2
01.008.010600.2,0,17256.73,0,5
01.008.010600.3,0,16333.19,0,4
01.008.010600.4,0,15131.71,0,3
01.008.010600.5,0,14542.21,0,4
01.008.010600.6,0,16816.81,0,5
01.008.010600.7,0,16031.92,0,2
01.008.010700.1,0,12468.93,0,2
01.008.010700.2,0,13181.97,0,1
01.008.010700.3,0,14302.15,0,2
01.008.010700.4,0,13751.91,0,2
01.008.010700.5,0,15257.13,0,2
01.008.010700.6,0,15341.45,0,1
01.008.010700.7,0,14671.62,0,4
01.008.010700.8,0,14141.9,0,4
01.008.010700.9,0,16185.2,0,3
01.008.010800.1,0,19795.32,0,2
01.008.010800.2,0,14959.62,0,3
01.008.010800.3,0,14615.52,0,5
01.008.010900.1,0,14956.9,0,4
01.008.010900.2,0,16007.61,0,2
01.008.010900.3,0,16645.05,0,3
01.008.010900.4,0,17551.31,0,5
01.008.010900.5,0,18555.57,0,5
01.008.010900.6,0,17724.69,0,1
01.008.010900.7,0,14534.37,0,2
01.008.011000.1,0,17342.83,0,5
01.008.011000.2,0,19455.25,0,2
01.008.011000.3,0,16475.9,0,2
01.008.011000.4,0,18590.52,0,3
01.009.002700.1,0,18143.6,0,1
01.009.002700.2,0,26731.59,0,3
01.009.002700.3,0,27280.5,0,4
01.009.002700.4,0,18002.15,0,1
01.009.002700.5,0,16039.37,0,1
01.009.002800.1,0,33723.37,0,4
01.009.002800.2,0,31382.57,0,2
01.009.002800.3,0,34753.92,0,3
01.009.002800.4,0,30803.16,0,5
01.009.002800.5,0,33513.54,0,4
01.009.002900.1,0,36294.11,0,5
01.009.002900.2,0,34247.33,0,3
01.009.002900.3,0,32866.44,0,3
01.009.003000.1,0,46605.67,0,1
01.009.003100.1,0,21001.41,0,1
01.009.003100.2,0,17329.65,0,1
01.009.003100.3,0,7921.13,0,4
01.009.003200.1,0,27094.3,0,5
01.009.003200.2,0,28125.15,0,1
01.009.003200.3,0,30689.17,0,1
01.009.003200.4,0,32186.86,0,2
01.009.003200.5,0,30374.15,0,5
01.009.003200.6,0,29117.9,0,4
01.011.012600.1,0,17898.27,0,3
01.011.012600.2,0,15301.97,0,1
01.011.012600.3,0,17493.12,0,4
01.011.012600.4,0,14233.46,0,3
01.011.012700.1,0,15340.74,0,4
01.011.012700.2,0,9892.09,0,1
01.011.012700.3,0,11547.92,0,5
01.011.012800.1,0,5260.1,0,3
01.011.012800.2,0,8035.13,0,2
01.011.012800.3,0,6630.98,0,1
01.011.012800.4,0,5622.71,0,5
01.011.012800.5,0,2344.78,1,5
01.011.012800.6,0,3037.44,1,2
01.011.012800.7,0,3804.08,0,3
01.011.012900.1,0,17130.96,0,5
01.011.012900.2,0,13839.61,0,2
01.011.012900.3,0,11381.62,0,1
01.011.012900.4,0,11637.32,0,1
01.011.012900.5,0,12689.32,0,3
01.011.012900.6,0,14120.67,0,5
01.011.012900.7,0,13206.13,0,3
01.011.012900.8,0,10855.01,0,2
01.011.013000.1,0,10326.08,0,2
01.011.013000.2,0,9348.74,0,3
01.011.013000.3,0,8531.03,0,4
01.011.013000.4,0,7263.61,0,5
01.011.013000.5,0,8188.55,0,4
01.011.013000.6,0,9319.15,0,5
01.011.013000.7,0,9440.69,0,1
01.011.013000.8,0,6386.34,0,5
01.011.013100.1,0,12456.75,0,3
01.011.013100.2,0,10508.08,0,4
01.011.013100.3,0,12277.42,0,5
01.011.013100.4,0,12176.3,0,4
01.011.013100.5,0,9135.44,0,3
01.011.013100.6,0,11520.69,0,2
01.011.013100.7,0,12348.6,0,1
01.011.013100.8,0,7521.31,0,2
01.011.013100.9,0,7746.6,0,1
01.011.013200.1,0,7839.42,0,4
01.011.013200.2,0,7455.67,0,1
01.011.013200.3,0,6361.21,0,3
01.011.013200.4,0,5308.75,0,3
01.011.013200.5,0,3711.27,0,2
01.011.013200.6,0,3332.54,0,1
01.011.013300.1,0,4407.77,0,5
01.011.013300.2,0,6783.43,0,1
01.011.013300.3,0,7845.12,0,3
01.011.013300.4,0,5848.41,0,1
01.011.013300.5,0,6279.21,0,3
01.011.013300.6,0,5261.53,0,5
01.011.013300.7,0,3818.01,0,5
01.011.013300.8,0,3719.66,0,4
01.011.013300.9,0,2533.12,0,1
01.011.013400.1,0,2917.13,0,3
01.011.013400.2,0,1879.51,0,2
01.011.013400.3,0,1492.42,0,5
01.011.013400.4,1,792.17,1,5
01.011.013400.5,0,1567.59,0,1
01.011.013400.6,0,2136.15,0,1
01.011.013400.7,0,1242.54,1,2
01.011.013400.8,1,358.28,1,5
01.011.013500.1,0,2485.39,0,5
01.011.013500.2,0,1662.83,1,3
01.011.013500.3,0,2521.38,0,5
01.011.013500.4,0,3326.94,0,4
01.011.013500.5,0,3575.33,0,3
01.011.013500.6,0,4352.59,0,5
01.011.013500.7,0,4103.84,0,2
01.011.013500.8,0,4133.41,0,1
01.011.013600.1,0,4901.34,0,5
01.011.013600.2,0,5727.25,0,4
01.011.013600.3,0,5608.93,0,1
01.011.013600.4,0,5214.41,0,4
01.011.013600.5,0,4839.85,0,5
01.011.013600.6,0,4522.49,0,5
01.011.013600.7,0,4089.68,0,1
01.011.013600.8,0,3880.69,0,1
01.011.013600.9,0,3367.32,0,2
01.011.013700.1,0,5427.09,0,5
01.011.013700.2,0,4975.79,0,5
01.011.013700.3,0,5092.9,0,2
01.011.013700.4,0,5137.41,0,4
01.011.013700.5,0,5402.15,0,2
01.011.013700.6,0,5405.1,0,1
01.011.013700.7,0,5240.88,0,1
01.011.013700.8,0,4607.86,0,1
01.011.013800.1,0,4589.39,0,1
01.011.013800.2,0,4524.26,0,5
01.011.013800.3,0,4226.56,0,1
01.011.013800.4,0,3765.53,0,4
01.011.013800.5,0,3707.24,0,2
01.011.013800.6,0,3746.9,0,3
01.011.013800.7,0,3009.49,0,2
01.011.013800.8,0,2833.94,0,3
01.011.013800.9,0,2142.68,0,1
01.011.013900.1,0,2925.76,0,2
01.011.013900.2,0,2893.82,0,5
01.011.013900.3,0,1904.36,0,5
01.011.013900.4,0,2091.19,0,4
01.011.013900.5,0,1537.18,1,4
01.011.013900.6,0,1328.47,1,3
01.011.013900.7,0,1123.07,1,1
01.011.013900.8,1,393.12,1,5
01.011.013900.9,1,561.31,1,5
01.011.014000.1,0,5406.69,0,3
01.011.014000.2,0,4246.43,0,1
01.011.014000.3,0,4910.99,0,1
01.011.014100.1,0,4195.78,0,4
01.011.014100.2,0,3784.75,0,4
01.011.014100.3,0,2873.06,0,4
01.011.014100.4,0,3464.86,0,2
01.011.014100.5,0,2432.42,0,5
01.011.014100.6,0,3268.88,0,3
01.011.014100.7,0,3161.34,0,2
01.011.014200.1,0,2715.18,0,3
01.011.014200.2,0,2262.71,0,1
01.011.014200.3,0,1293.9,1,5
01.011.014200.4,0,1368.5,0,2
01.011.014200.5,0,2040.35,0,4
01.011.014200.6,0,1662.31,0,3
01.011.014200.7,0,2131.58,0,4
01.011.014200.8,0,1478.13,1,2
01.011.014300.1,1,829.9,1,5
01.011.014300.2,1,442.08,1,5
01.011.014300.3,0,1115.38,1,4
01.011.014300.4,0,1327.63,1,3
01.011.014300.5,0,1786.5,0,1
01.011.014300.6,0,1919.4,0,4
01.011.014400.1,0,6113.46,0,1
01.011.014400.2,0,5299.77,0,5
01.011.014400.3,0,2716.45,0,2
01.011.014500.1,0,1957.56,0,3
01.011.014500.2,0,2415.11,0,4
01.011.014500.3,0,2533.55,0,4
01.011.014500.4,0,3180.44,0,2
01.011.014500.5,0,3429.86,0,4
01.011.014500.6,0,3530.97,0,5
01.011.014500.7,0,4353.3,0,4
01.011.014500.8,0,6391.07,0,2
01.011.014600.1,0,2381.64,0,5
01.011.014600.2,0,2988.7,0,2
01.011.014600.3,0,3273.72,0,2
01.011.014600.4,0,3685.78,0,5
01.011.014600.5,0,3545.28,0,2
01.011.014600.6,0,3869.46,0,3
01.011.014600.7,0,4187.24,0,4
01.011.014600.8,0,3948.28,0,1
01.011.014700.1,0,2576.26,0,4
01.011.014700.2,0,2730.43,0,4
01.011.014700.3,0,2668.95,0,5
01.011.014700.4,0,3211.68,0,2
01.011.014700.5,0,3015.04,0,5
01.011.014800.1,0,4254.11,0,2
01.011.014800.2,0,3574.53,0,4
01.011.014800.3,0,3954.44,0,4
01.011.014800.4,0,4153.67,0,5
01.011.014800.5,0,3727.96,0,3
01.011.014800.6,0,4466.73,0,1
01.011.014800.7,0,4065.31,0,1
01.011.014800.8,0,4348.85,0,1
01.011.014800.9,0,4639.97,0,5
01.011.014900.1,0,5429.13,0,1
01.011.014900.2,0,4869.12,0,3
01.011.014900.3,0,4455.53,0,3
01.011.014900.4,0,4308.55,0,5
01.011.014900.5,0,6163.21,0,2
01.011.014900.6,0,5171.21,0,3
01.011.014900.7,0,4756.37,0,4
01.011.014900.8,0,5857.63,0,5
01.011.015000.1,0,1998.55,0,2
01.011.015000.2,0,2223.9,0,3
01.011.015000.3,0,2691.68,0,3
01.011.015000.4,0,2950.31,0,5
01.011.015000.5,0,3216.2,0,3
01.011.015000.6,0,3114.07,0,1
01.011.015100.1,0,3273.29,0,3
01.011.015100.2,0,3689.72,0,1
01.011.015100.3,0,4158.54,0,3
01.011.015100.4,0,3641.3,0,3
01.011.015100.5,0,4693.43,0,3
01.011.015100.6,0,4890.59,0,5
01.011.015100.7,0,5654.27,0,5
01.011.015200.1,0,6137.21,0,3
01.011.015200.2,0,4499.24,0,2
01.011.015200.3,0,6865.59,0,3
01.011.015300.1,0,1973.66,1,2
01.011.015300.2,0,1792.82,0,5
01.011.015300.3,1,798.18,1,5
01.011.015300.4,0,1268.83,0,4
01.011.015300.5,0,1343.14,1,4
01.011.015300.6,0,1905.44,0,5
01.011.015400.1,0,10375.92,0,4
01.011.015400.2,0,12717.38,0,5
01.011.015400.3,0,15523.13,0,2
01.011.015400.4,0,7624.34,0,4
01.011.015500.1,0,11523.95,0,3
01.011.015500.2,0,10894.2,0,1
01.011.015500.3,0,12997.13,0,1
01.011.015500.4,0,11889.15,0,5
01.011.015500.5,0,12243.56,0,4
01.011.015500.6,0,12609.21,0,5
01.011.015500.7,0,12765.72,0,1
01.011.015600.1,0,13345.91,0,5
01.011.015600.2,0,14850.87,0,5
01.011.015600.3,0,14212.86,0,2
01.011.015600.4,0,14135.41,0,1
01.011.015600.5,0,13909.34,0,3
01.011.015600.6,0,16046.04,0,2
01.011.015600.7,0,14838.93,0,4
01.011.015700.1,0,17041.02,0,1
01.011.015700.2,0,15921.71,0,1
01.011.015700.3,0,19624.64,0,2
01.011.015700.4,0,18553.4,0,4
01.011.015800.1,0,4109.16,0,3
01.011.015800.2,0,8092.62,0,5
01.012.003000.2,0,45239.86,0,3
01.012.015900.1,0,8416.03,0,5
01.012.015900.2,0,21139.64,0,5
01.012.015900.3,0,28738.83,0,3
01.012.016000.1,0,22224.06,0,2
01.013.016000.2,0,4985.85,0,2
01.013.016000.3,0,3424.59,0,1
01.013.016100.1,0,22391.85,0,4
01.013.016100.2,0,11647.66,1,4
01.013.016100.3,0,18038.13,0,3
01.013.016200.1,0,13094.41,0,5
01.013.016200.2,0,16194.53,0,1
01.013.016200.3,0,20913.14,0,2
01.013.016200.4,0,21253.33,0,4
01.013.016200.5,0,18931.5,0,5
01.013.016200.6,0,20720.71,0,2
01.013.016200.7,0,11644.57,0,3
01.013.016300.1,0,15597.83,0,3
01.013.016300.2,0,15909.73,0,1
01.013.016300.3,0,16338.9,0,4
01.013.016300.4,0,16157.02,0,2
01.013.016300.5,0,16653.48,0,4
01.013.016300.6,0,16711.24,0,4
01.013.016300.7,0,17026.64,0,4
01.013.016300.8,0,16842.72,0,4
01.013.016400.1,0,17248,0,4
01.013.016400.2,0,17572.83,0,1
01.013.016400.3,0,18097.04,0,4
01.013.016400.4,0,17523.5,0,4
01.013.016400.5,0,18211.67,0,2
01.013.016400.6,0,18250.45,0,2
01.013.016400.7,0,19136.26,0,2
01.013.016400.8,0,19886.92,0,4
01.013.016500.1,0,19952.71,0,3
01.013.016500.2,0,21205.99,0,1
01.013.016600.1,0,22399.12,0,3
01.013.016600.2,0,22881.36,0,1
01.013.016600.3,0,23798.13,0,5
01.013.016600.4,0,23013.01,0,3
01.013.016600.5,0,22912.24,0,2
01.013.016600.6,0,24589.22,0,2
01.013.016600.7,0,25017.22,0,1
01.013.016700.1,0,23946.31,0,1
01.013.016700.2,0,24530.63,0,1
01.013.016700.3,0,24491.62,0,1
01.013.016700.4,0,24118.65,0,3
01.013.016700.5,0,25153.76,0,3
01.013.016700.6,0,24922.23,0,2
01.013.016700.7,0,23654.85,0,5
01.013.016800.1,0,26569.86,0,1
01.013.016800.2,0,29665.13,0,4
01.013.016800.3,0,27586.77,0,3
01.014.017200.1,0,9540.96,0,3
01.014.017200.2,0,12377.31,0,4
01.014.017200.3,0,19980,0,4
01.014.017200.4,0,8470.21,0,1
01.014.017200.5,0,19063.42,0,3
01.014.017200.7,0,9503.6,0,2
01.014.017300.1,0,20106.85,0,2
01.014.017300.2,0,15264.35,0,5
01.014.017300.3,0,20607.18,0,5
01.014.017300.4,0,18587.4,0,2
01.014.017300.5,0,18895.77,0,4
01.014.017300.6,0,13453.69,0,5
01.014.017300.7,0,10712.28,0,3
01.014.017500.1,0,15485.51,0,4
01.014.017600.1,0,3773.34,0,3
01.014.017600.2,0,1573.75,1,3
01.014.017600.3,0,9626.48,0,1
01.014.017600.4,0,10629.65,0,2
01.014.017600.5,0,17092.46,0,1
01.014.017700.1,0,11666.99,0,3
01.014.017700.2,0,12355.13,0,4
01.014.017700.3,0,12483.36,0,1
01.014.017700.4,0,12416.61,0,2
01.014.017700.5,0,13408.75,0,3
01.014.017700.6,0,13173.84,0,3
01.014.017700.7,0,14035.72,0,4
01.014.017700.8,0,13828.89,0,1
01.014.017800.1,0,14587.3,0,5
01.014.017800.2,0,15202.1,0,5
01.014.017800.3,0,15346.94,0,5
01.014.017800.4,0,16911.13,0,5
01.014.017800.5,0,19106.95,0,2
01.014.017900.1,0,25041.8,0,5
01.014.017900.2,0,28653.85,0,1
01.014.018000.1,0,10548.56,0,2
01.014.018000.2,0,6007.68,1,4
01.014.018000.3,0,7930.49,0,3
01.014.018000.4,0,4794.63,0,3
01.014.018100.1,0,4109.19,0,2
01.014.018100.2,0,3961.89,0,4
01.014.018100.3,0,5471.08,0,5
01.014.018100.4,0,5426.81,0,2
01.014.018100.5,0,3352.73,0,2
01.014.018100.6,1,567.78,1,5
01.014.018200.1,0,3179.25,0,5
01.014.018200.2,0,3219.39,0,3
01.014.018200.3,0,4071.59,0,1
01.014.018200.4,0,4731.12,0,4
01.014.018200.5,0,5460.81,0,5
01.014.018200.6,0,6306.17,0,4
01.014.018200.7,0,7555.8,0,5
01.014.018300.1,0,6470.58,0,5
01.014.018300.2,0,6024.33,0,2
01.014.018300.3,0,4298.8,0,2
01.014.018300.4,0,4755.91,0,1
01.014.018300.5,0,5523.67,0,3
01.014.018300.6,0,4943.95,0,4
01.014.018300.7,0,5353.74,0,2
01.014.018400.1,0,5883.98,0,2
01.014.018400.2,0,5653.66,0,4
01.014.018400.3,0,5940.51,0,2
01.014.018400.4,0,6185.05,0,3
01.014.018400.5,0,5646.64,0,4
01.014.018400.6,0,6206.6,0,1
01.014.018400.7,0,6322.1,0,1
01.014.018400.8,0,7050.36,0,2
01.014.018400.9,0,6935.28,0,2
01.014.018500.1,0,6792.56,0,5
01.014.018500.2,0,7959.26,0,5
01.014.018500.3,0,6667.32,0,3
01.014.018500.4,0,7080.06,0,2
01.014.018500.5,0,7675.7,0,1
01.014.018500.6,0,8149.86,0,1
01.014.018500.7,0,8893.01,0,2
01.014.018500.8,0,10119.07,0,2
01.014.018600.1,0,11211.24,0,1
01.014.018600.2,0,13477.4,0,1
01.014.018600.3,0,12036.98,0,1
01.014.018600.4,0,8357.54,0,4
01.014.018600.5,0,8527.8,0,4
01.014.018600.6,0,12746.36,0,2
01.014.018700.1,0,7071.89,0,2
01.014.018700.2,0,11194.72,0,3
01.014.018800.1,0,12796.12,0,2
01.014.018800.2,0,14453.11,0,3
01.015.016200.2,0,9820.84,1,5
01.015.016200.3,0,25796.68,0,2
01.015.016200.4,0,40118.86,0,2
01.015.016900.1,0,33893.42,0,1
01.015.016900.2,0,35045.47,0,5
01.015.016900.3,0,36342.54,0,4
01.016.017000.1,0,35204.26,0,3
01.016.017000.2,0,5023.02,1,3
01.016.017100.1,0,35557.09,0,5
01.017.018900.1,0,50503.48,0,1
01.017.019000.1,0,52488.24,0,5
01.017.019000.2,0,27894,0,4
01.018.019100.1,0,33582.27,0,1
01.018.019100.2,0,29530.2,0,2
01.018.019100.3,0,25259.31,0,1
01.018.019100.4,0,37256.92,0,5
01.018.019100.5,0,32576.44,0,5
01.018.019200.1,0,33590.07,0,1
01.018.019200.2,0,44580.31,0,4
01.018.019200.3,0,55383.28,0,1
01.018.019300.1,0,58511.89,0,1
01.018.019300.2,0,65494.05,0,1
01.018.019300.3,0,64974.03,0,3
01.018.019400.1,0,62253.47,0,4
01.018.019400.2,0,65386.12,0,5
01.018.019400.3,0,78786.62,0,2
01.018.019500.1,0,66140.26,0,2
01.018.019500.2,0,71800.68,0,3
01.018.019500.3,0,76586.05,0,4
