01.001.000100.1,Abellan LEVEL4(01.001.000100.1),1
01.001.000100.2,Abellan LEVEL4(01.001.000100.2),2
01.001.000200.1,Abellan LEVEL4(01.001.000200.1),3
01.001.000300.1,Abellan LEVEL4(01.001.000300.1),4
01.002.000300.1,Cobley LEVEL4(01.002.000300.1),5
01.002.000300.2,Cobley LEVEL4(01.002.000300.2),6
01.002.000300.3,Cobley LEVEL4(01.002.000300.3),7
01.002.000300.4,Cobley LEVEL4(01.002.000300.4),8
01.002.000300.5,Cobley LEVEL4(01.002.000300.5),9
01.002.000400.1,Cobley LEVEL4(01.002.000400.1),10
01.002.000400.2,Cobley LEVEL4(01.002.000400.2),11
01.002.000400.3,Cobley LEVEL4(01.002.000400.3),12
01.002.000400.4,Cobley LEVEL4(01.002.000400.4),13
01.002.000400.5,Cobley LEVEL4(01.002.000400.5),14
01.002.000400.6,Cobley LEVEL4(01.002.000400.6),15
01.002.000400.7,Cobley LEVEL4(01.002.000400.7),16
01.002.000400.8,Cobley LEVEL4(01.002.000400.8),17
01.002.000400.9,Cobley LEVEL4(01.002.000400.9),18
01.002.000500.1,Cobley LEVEL4(01.002.000500.1),19
01.002.000500.2,Cobley LEVEL4(01.002.000500.2),20
01.002.000500.3,Cobley LEVEL4(01.002.000500.3),21
01.002.000500.4,Cobley LEVEL4(01.002.000500.4),22
01.002.000500.5,Cobley LEVEL4(01.002.000500.5),23
01.002.000500.6,Cobley LEVEL4(01.002.000500.6),24
01.002.000500.7,Cobley LEVEL4(01.002.000500.7),25
01.002.000500.8,Cobley LEVEL4(01.002.000500.8),26
01.002.000500.9,Cobley LEVEL4(01.002.000500.9),27
01.002.000600.1,Cobley LEVEL4(01.002.000600.1),28
01.002.000600.2,Cobley LEVEL4(01.002.000600.2),29
01.002.000600.3,Cobley LEVEL4(01.002.000600.3),30
01.002.000600.4,Cobley LEVEL4(01.002.000600.4),31
01.002.000600.5,Cobley LEVEL4(01.002.000600.5),32
01.002.000600.6,Cobley LEVEL4(01.002.000600.6),33
01.002.000600.7,Cobley LEVEL4(01.002.000600.7),34
01.002.000600.8,Cobley LEVEL4(01.002.000600.8),35
01.002.000600.9,Cobley LEVEL4(01.002.000600.9),36
01.002.000700.1,Cobley LEVEL4(01.002.000700.1),37
01.002.000700.2,Cobley LEVEL4(01.002.000700.2),38
01.002.000700.3,Cobley LEVEL4(01.002.000700.3),39
01.002.000700.4,Cobley LEVEL4(01.002.000700.4),40
01.002.000700.5,Cobley LEVEL4(01.002.000700.5),41
01.002.000700.6,Cobley LEVEL4(01.002.000700.6),42
01.002.000700.7,Cobley LEVEL4(01.002.000700.7),43
01.002.000800.1,Cobley LEVEL4(01.002.000800.1),44
01.002.000800.2,Cobley LEVEL4(01.002.000800.2),45
01.002.000800.3,Cobley LEVEL4(01.002.000800.3),46
01.002.000800.4,Cobley LEVEL4(01.002.000800.4),47
01.002.000800.5,Cobley LEVEL4(01.002.000800.5),48
01.002.000800.6,Cobley LEVEL4(01.002.000800.6),49
01.002.000800.7,Cobley LEVEL4(01.002.000800.7),50
01.002.000900.1,Cobley LEVEL4(01.002.000900.1),51
01.002.000900.2,Cobley LEVEL4(01.002.000900.2),52
01.002.000900.3,Cobley LEVEL4(01.002.000900.3),53
01.002.000900.4,Cobley LEVEL4(01.002.000900.4),54
01.002.000900.5,Cobley LEVEL4(01.002.000900.5),55
01.002.000900.6,Cobley LEVEL4(01.002.000900.6),56
01.002.000900.7,Cobley LEVEL4(01.002.000900.7),57
01.002.000900.8,Cobley LEVEL4(01.002.000900.8),58
01.002.000900.9,Cobley LEVEL4(01.002.000900.9),59
01.002.001000.1,Cobley LEVEL4(01.002.001000.1),60
01.002.001000.2,Cobley LEVEL4(01.002.001000.2),61
01.002.001000.3,Cobley LEVEL4(01.002.001000.3),62
01.002.001000.4,Cobley LEVEL4(01.002.001000.4),63
01.002.001000.5,Cobley LEVEL4(01.002.001000.5),64
01.002.001000.6,Cobley LEVEL4(01.002.001000.6),65
01.002.001000.7,Cobley LEVEL4(01.002.001000.7),66
01.002.001100.1,Cobley LEVEL4(01.002.001100.1),67
01.002.001100.2,Cobley LEVEL4(01.002.001100.2),68
01.002.001100.3,Cobley LEVEL4(01.002.001100.3),69
01.002.001100.4,Cobley LEVEL4(01.002.001100.4),70
01.002.001100.5,Cobley LEVEL4(01.002.001100.5),71
01.002.001100.6,Cobley LEVEL4(01.002.001100.6),72
01.002.001100.7,Cobley LEVEL4(01.002.001100.7),73
01.002.001200.1,Cobley LEVEL4(01.002.001200.1),74
01.002.001200.2,Cobley LEVEL4(01.002.001200.2),75
01.002.001200.3,Cobley LEVEL4(01.002.001200.3),76
01.002.001200.4,Cobley LEVEL4(01.002.001200.4),77
01.002.001200.5,Cobley LEVEL4(01.002.001200.5),78
01.002.001200.6,Cobley LEVEL4(01.002.001200.6),79
01.002.001200.7,Cobley LEVEL4(01.002.001200.7),80
01.002.001300.1,Cobley LEVEL4(01.002.001300.1),81
01.002.001300.2,Cobley LEVEL4(01.002.001300.2),82
01.002.001300.3,Cobley LEVEL4(01.002.001300.3),83
01.002.001300.4,Cobley LEVEL4(01.002.001300.4),84
01.002.001300.5,Cobley LEVEL4(01.002.001300.5),85
01.002.001300.6,Cobley LEVEL4(01.002.001300.6),86
01.002.001300.7,Cobley LEVEL4(01.002.001300.7),87
01.002.001300.8,Cobley LEVEL4(01.002.001300.8),88
01.002.001300.9,Cobley LEVEL4(01.002.001300.9),89
01.002.001400.1,Cobley LEVEL4(01.002.001400.1),90
01.002.001400.2,Cobley LEVEL4(01.002.001400.2),91
01.002.001400.3,Cobley LEVEL4(01.002.001400.3),92
01.002.001400.4,Cobley LEVEL4(01.002.001400.4),93
01.002.001400.5,Cobley LEVEL4(01.002.001400.5),94
01.002.001400.6,Cobley LEVEL4(01.002.001400.6),95
01.002.001400.7,Cobley LEVEL4(01.002.001400.7),96
01.002.001400.8,Cobley LEVEL4(01.002.001400.8),97
01.002.001400.9,Cobley LEVEL4(01.002.001400.9),98
01.002.001500.1,Cobley LEVEL4(01.002.001500.1),99
01.002.001500.2,Cobley LEVEL4(01.002.001500.2),100
01.002.001500.3,Cobley LEVEL4(01.002.001500.3),101
01.002.001500.4,Cobley LEVEL4(01.002.001500.4),102
01.002.001500.5,Cobley LEVEL4(01.002.001500.5),103
01.002.001500.6,Cobley LEVEL4(01.002.001500.6),104
01.002.001500.7,Cobley LEVEL4(01.002.001500.7),105
01.002.001500.8,Cobley LEVEL4(01.002.001500.8),106
01.002.001600.1,Cobley LEVEL4(01.002.001600.1),107
01.002.001600.2,Cobley LEVEL4(01.002.001600.2),108
01.002.001600.3,Cobley LEVEL4(01.002.001600.3),109
01.002.001600.4,Cobley LEVEL4(01.002.001600.4),110
01.002.001600.5,Cobley LEVEL4(01.002.001600.5),111
01.002.001600.6,Cobley LEVEL4(01.002.001600.6),112
01.002.001600.7,Cobley LEVEL4(01.002.001600.7),113
01.002.001600.8,Cobley LEVEL4(01.002.001600.8),114
01.002.001700.1,Cobley LEVEL4(01.002.001700.1),115
01.002.001700.2,Cobley LEVEL4(01.002.001700.2),116
01.002.001700.3,Cobley LEVEL4(01.002.001700.3),117
01.002.001700.4,Cobley LEVEL4(01.002.001700.4),118
01.002.001700.5,Cobley LEVEL4(01.002.001700.5),119
01.002.001700.6,Cobley LEVEL4(01.002.001700.6),120
01.002.001700.7,Cobley LEVEL4(01.002.001700.7),121
01.002.001700.8,Cobley LEVEL4(01.002.001700.8),122
01.002.001700.9,Cobley LEVEL4(01.002.001700.9),123
01.002.001800.1,Cobley LEVEL4(01.002.001800.1),124
01.002.001800.2,Cobley LEVEL4(01.002.001800.2),125
01.002.001800.3,Cobley LEVEL4(01.002.001800.3),126
01.002.001800.4,Cobley LEVEL4(01.002.001800.4),127
01.002.001800.5,Cobley LEVEL4(01.002.001800.5),128
01.002.001800.6,Cobley LEVEL4(01.002.001800.6),129
01.002.001800.7,Cobley LEVEL4(01.002.001800.7),130
01.002.001800.8,Cobley LEVEL4(01.002.001800.8),131
01.002.001900.1,Cobley LEVEL4(01.002.001900.1),132
01.002.001900.2,Cobley LEVEL4(01.002.001900.2),133
01.002.001900.3,Cobley LEVEL4(01.002.001900.3),134
01.002.001900.4,Cobley LEVEL4(01.002.001900.4),135
01.002.001900.5,Cobley LEVEL4(01.002.001900.5),136
01.002.001900.6,Cobley LEVEL4(01.002.001900.6),137
01.002.001900.7,Cobley LEVEL4(01.002.001900.7),138
01.002.001900.8,Cobley LEVEL4(01.002.001900.8),139
01.002.002000.1,Cobley LEVEL4(01.002.002000.1),140
01.002.002000.2,Cobley LEVEL4(01.002.002000.2),141
01.002.002000.3,Cobley LEVEL4(01.002.002000.3),142
01.002.002000.4,Cobley LEVEL4(01.002.002000.4),143
01.002.002000.5,Cobley LEVEL4(01.002.002000.5),144
01.002.002100.1,Cobley LEVEL4(01.002.002100.1),145
01.002.002100.2,Cobley LEVEL4(01.002.002100.2),146
01.002.002100.3,Cobley LEVEL4(01.002.002100.3),147
01.002.002100.4,Cobley LEVEL4(01.002.002100.4),148
01.002.002100.5,Cobley LEVEL4(01.002.002100.5),149
01.002.002100.6,Cobley LEVEL4(01.002.002100.6),150
01.002.002100.7,Cobley LEVEL4(01.002.002100.7),151
01.002.002100.8,Cobley LEVEL4(01.002.002100.8),152
01.002.002200.1,Cobley LEVEL4(01.002.002200.1),153
01.002.002200.2,Cobley LEVEL4(01.002.002200.2),154
01.002.002200.3,Cobley LEVEL4(01.002.002200.3),155
01.002.002200.4,Cobley LEVEL4(01.002.002200.4),156
01.002.002200.5,Cobley LEVEL4(01.002.002200.5),157
01.002.002200.6,Cobley LEVEL4(01.002.002200.6),158
01.002.002300.1,Cobley LEVEL4(01.002.002300.1),159
01.002.002300.2,Cobley LEVEL4(01.002.002300.2),160
01.002.002300.3,Cobley LEVEL4(01.002.002300.3),161
01.002.002300.4,Cobley LEVEL4(01.002.002300.4),162
01.002.002300.5,Cobley LEVEL4(01.002.002300.5),163
01.002.002300.6,Cobley LEVEL4(01.002.002300.6),164
01.002.002300.7,Cobley LEVEL4(01.002.002300.7),165
01.002.002300.8,Cobley LEVEL4(01.002.002300.8),166
01.003.003300.1,Beale LEVEL4(01.003.003300.1),167
01.003.003400.1,Beale LEVEL4(01.003.003400.1),168
01.003.003400.2,Beale LEVEL4(01.003.003400.2),169
01.003.003400.3,Beale LEVEL4(01.003.003400.3),170
01.003.003400.4,Beale LEVEL4(01.003.003400.4),171
01.003.003400.5,Beale LEVEL4(01.003.003400.5),172
01.003.003400.6,Beale LEVEL4(01.003.003400.6),173
01.004.011100.1,Hambly LEVEL4(01.004.011100.1),174
01.004.011100.2,Hambly LEVEL4(01.004.011100.2),175
01.004.011100.3,Hambly LEVEL4(01.004.011100.3),176
01.004.011100.4,Hambly LEVEL4(01.004.011100.4),177
01.004.011100.5,Hambly LEVEL4(01.004.011100.5),178
01.004.011200.1,Hambly LEVEL4(01.004.011200.1),179
01.004.011200.2,Hambly LEVEL4(01.004.011200.2),180
01.004.011200.3,Hambly LEVEL4(01.004.011200.3),181
01.004.011200.4,Hambly LEVEL4(01.004.011200.4),182
01.004.011200.5,Hambly LEVEL4(01.004.011200.5),183
01.004.011200.6,Hambly LEVEL4(01.004.011200.6),184
01.004.011300.1,Hambly LEVEL4(01.004.011300.1),185
01.004.011300.2,Hambly LEVEL4(01.004.011300.2),186
01.004.011300.3,Hambly LEVEL4(01.004.011300.3),187
01.004.011300.4,Hambly LEVEL4(01.004.011300.4),188
01.004.011300.5,Hambly LEVEL4(01.004.011300.5),189
01.004.011400.1,Hambly LEVEL4(01.004.011400.1),190
01.004.011400.2,Hambly LEVEL4(01.004.011400.2),191
01.004.011400.3,Hambly LEVEL4(01.004.011400.3),192
01.004.011400.4,Hambly LEVEL4(01.004.011400.4),193
01.004.011400.5,Hambly LEVEL4(01.004.011400.5),194
01.004.011400.6,Hambly LEVEL4(01.004.011400.6),195
01.004.011400.7,Hambly LEVEL4(01.004.011400.7),196
01.004.011400.8,Hambly LEVEL4(01.004.011400.8),197
01.004.011400.9,Hambly LEVEL4(01.004.011400.9),198
01.004.011500.1,Hambly LEVEL4(01.004.011500.1),199
01.004.011500.2,Hambly LEVEL4(01.004.011500.2),200
01.004.011500.3,Hambly LEVEL4(01.004.011500.3),201
01.004.011500.4,Hambly LEVEL4(01.004.011500.4),202
01.004.011500.5,Hambly LEVEL4(01.004.011500.5),203
01.004.011500.6,Hambly LEVEL4(01.004.011500.6),204
01.004.011500.7,Hambly LEVEL4(01.004.011500.7),205
01.004.011500.8,Hambly LEVEL4(01.004.011500.8),206
01.004.011500.9,Hambly LEVEL4(01.004.011500.9),207
01.004.011600.1,Hambly LEVEL4(01.004.011600.1),208
01.004.011600.2,Hambly LEVEL4(01.004.011600.2),209
01.004.011600.3,Hambly LEVEL4(01.004.011600.3),210
01.004.011600.4,Hambly LEVEL4(01.004.011600.4),211
01.004.011600.5,Hambly LEVEL4(01.004.011600.5),212
01.004.011600.6,Hambly LEVEL4(01.004.011600.6),213
01.004.011600.7,Hambly LEVEL4(01.004.011600.7),214
01.004.011600.8,Hambly LEVEL4(01.004.011600.8),215
01.004.011600.9,Hambly LEVEL4(01.004.011600.9),216
01.004.011700.1,Hambly LEVEL4(01.004.011700.1),217
01.004.011700.2,Hambly LEVEL4(01.004.011700.2),218
01.004.011700.3,Hambly LEVEL4(01.004.011700.3),219
01.004.011700.4,Hambly LEVEL4(01.004.011700.4),220
01.004.011700.5,Hambly LEVEL4(01.004.011700.5),221
01.004.011700.6,Hambly LEVEL4(01.004.011700.6),222
01.004.011700.7,Hambly LEVEL4(01.004.011700.7),223
01.004.011700.8,Hambly LEVEL4(01.004.011700.8),224
01.004.011700.9,Hambly LEVEL4(01.004.011700.9),225
01.004.011800.1,Hambly LEVEL4(01.004.011800.1),226
01.004.011800.2,Hambly LEVEL4(01.004.011800.2),227
01.004.011900.1,Hambly LEVEL4(01.004.011900.1),228
01.004.011900.2,Hambly LEVEL4(01.004.011900.2),229
01.004.011900.3,Hambly LEVEL4(01.004.011900.3),230
01.005.002400.1,Briggs LEVEL4(01.005.002400.1),231
01.005.002400.2,Briggs LEVEL4(01.005.002400.2),232
01.006.002500.1,Andersson LEVEL4(01.006.002500.1),233
01.006.002500.2,Andersson LEVEL4(01.006.002500.2),234
01.006.002500.3,Andersson LEVEL4(01.006.002500.3),235
01.006.002600.1,Andersson LEVEL4(01.006.002600.1),236
01.006.002600.2,Andersson LEVEL4(01.006.002600.2),237
01.006.002700.1,Andersson LEVEL4(01.006.002700.1),238
01.007.012000.1,Hodgson LEVEL4(01.007.012000.1),239
01.007.012000.2,Hodgson LEVEL4(01.007.012000.2),240
01.007.012000.3,Hodgson LEVEL4(01.007.012000.3),241
01.007.012100.1,Hodgson LEVEL4(01.007.012100.1),242
01.007.012100.2,Hodgson LEVEL4(01.007.012100.2),243
01.007.012100.3,Hodgson LEVEL4(01.007.012100.3),244
01.007.012100.4,Hodgson LEVEL4(01.007.012100.4),245
01.007.012100.5,Hodgson LEVEL4(01.007.012100.5),246
01.007.012100.6,Hodgson LEVEL4(01.007.012100.6),247
01.007.012200.1,Hodgson LEVEL4(01.007.012200.1),248
01.007.012200.2,Hodgson LEVEL4(01.007.012200.2),249
01.007.012200.3,Hodgson LEVEL4(01.007.012200.3),250
01.007.012200.4,Hodgson LEVEL4(01.007.012200.4),251
01.007.012200.5,Hodgson LEVEL4(01.007.012200.5),252
01.007.012200.6,Hodgson LEVEL4(01.007.012200.6),253
01.007.012200.7,Hodgson LEVEL4(01.007.012200.7),254
01.007.012300.1,Hodgson LEVEL4(01.007.012300.1),255
01.007.012300.2,Hodgson LEVEL4(01.007.012300.2),256
01.007.012400.1,Hodgson LEVEL4(01.007.012400.1),257
01.007.012400.2,Hodgson LEVEL4(01.007.012400.2),258
01.007.012400.3,Hodgson LEVEL4(01.007.012400.3),259
01.007.012500.1,Hodgson LEVEL4(01.007.012500.1),260
01.008.001000.1,Jarup LEVEL4(01.008.001000.1),261
01.008.001000.2,Jarup LEVEL4(01.008.001000.2),262
01.008.001000.3,Jarup LEVEL4(01.008.001000.3),263
01.008.001000.4,Jarup LEVEL4(01.008.001000.4),264
01.008.001000.5,Jarup LEVEL4(01.008.001000.5),265
01.008.001000.6,Jarup LEVEL4(01.008.001000.6),266
01.008.001000.7,Jarup LEVEL4(01.008.001000.7),267
01.008.001000.8,Jarup LEVEL4(01.008.001000.8),268
01.008.001000.9,Jarup LEVEL4(01.008.001000.9),269
01.008.002900.1,Jarup LEVEL4(01.008.002900.1),270
01.008.002900.2,Jarup LEVEL4(01.008.002900.2),271
01.008.002900.3,Jarup LEVEL4(01.008.002900.3),272
01.008.002900.4,Jarup LEVEL4(01.008.002900.4),273
01.008.002900.5,Jarup LEVEL4(01.008.002900.5),274
01.008.002900.6,Jarup LEVEL4(01.008.002900.6),275
01.008.002900.7,Jarup LEVEL4(01.008.002900.7),276
01.008.003500.1,Jarup LEVEL4(01.008.003500.1),277
01.008.003500.2,Jarup LEVEL4(01.008.003500.2),278
01.008.003500.3,Jarup LEVEL4(01.008.003500.3),279
01.008.003500.4,Jarup LEVEL4(01.008.003500.4),280
01.008.003600.1,Jarup LEVEL4(01.008.003600.1),281
01.008.003600.2,Jarup LEVEL4(01.008.003600.2),282
01.008.003600.3,Jarup LEVEL4(01.008.003600.3),283
01.008.003600.4,Jarup LEVEL4(01.008.003600.4),284
01.008.003700.1,Jarup LEVEL4(01.008.003700.1),285
01.008.003700.2,Jarup LEVEL4(01.008.003700.2),286
01.008.003700.3,Jarup LEVEL4(01.008.003700.3),287
01.008.003700.4,Jarup LEVEL4(01.008.003700.4),288
01.008.003700.5,Jarup LEVEL4(01.008.003700.5),289
01.008.003700.6,Jarup LEVEL4(01.008.003700.6),290
01.008.003700.7,Jarup LEVEL4(01.008.003700.7),291
01.008.003700.8,Jarup LEVEL4(01.008.003700.8),292
01.008.003700.9,Jarup LEVEL4(01.008.003700.9),293
01.008.003800.1,Jarup LEVEL4(01.008.003800.1),294
01.008.003800.2,Jarup LEVEL4(01.008.003800.2),295
01.008.003800.3,Jarup LEVEL4(01.008.003800.3),296
01.008.003800.4,Jarup LEVEL4(01.008.003800.4),297
01.008.003800.5,Jarup LEVEL4(01.008.003800.5),298
01.008.003800.6,Jarup LEVEL4(01.008.003800.6),299
01.008.003800.7,Jarup LEVEL4(01.008.003800.7),300
01.008.003800.8,Jarup LEVEL4(01.008.003800.8),301
01.008.003900.1,Jarup LEVEL4(01.008.003900.1),302
01.008.003900.2,Jarup LEVEL4(01.008.003900.2),303
01.008.003900.3,Jarup LEVEL4(01.008.003900.3),304
01.008.003900.4,Jarup LEVEL4(01.008.003900.4),305
01.008.003900.5,Jarup LEVEL4(01.008.003900.5),306
01.008.003900.6,Jarup LEVEL4(01.008.003900.6),307
01.008.003900.7,Jarup LEVEL4(01.008.003900.7),308
01.008.003900.8,Jarup LEVEL4(01.008.003900.8),309
01.008.003901.1,Jarup LEVEL4(01.008.003901.1),310
01.008.003901.2,Jarup LEVEL4(01.008.003901.2),311
01.008.003901.3,Jarup LEVEL4(01.008.003901.3),312
01.008.003901.4,Jarup LEVEL4(01.008.003901.4),313
01.008.003901.5,Jarup LEVEL4(01.008.003901.5),314
01.008.003901.6,Jarup LEVEL4(01.008.003901.6),315
01.008.003901.7,Jarup LEVEL4(01.008.003901.7),316
01.008.003901.9,Jarup LEVEL4(01.008.003901.9),317
01.008.004000.1,Jarup LEVEL4(01.008.004000.1),318
01.008.004000.2,Jarup LEVEL4(01.008.004000.2),319
01.008.004000.3,Jarup LEVEL4(01.008.004000.3),320
01.008.004000.4,Jarup LEVEL4(01.008.004000.4),321
01.008.004000.5,Jarup LEVEL4(01.008.004000.5),322
01.008.004000.6,Jarup LEVEL4(01.008.004000.6),323
01.008.004000.7,Jarup LEVEL4(01.008.004000.7),324
01.008.004100.1,Jarup LEVEL4(01.008.004100.1),325
01.008.004100.2,Jarup LEVEL4(01.008.004100.2),326
01.008.004100.3,Jarup LEVEL4(01.008.004100.3),327
01.008.004100.4,Jarup LEVEL4(01.008.004100.4),328
01.008.004100.5,Jarup LEVEL4(01.008.004100.5),329
01.008.004100.6,Jarup LEVEL4(01.008.004100.6),330
01.008.004100.7,Jarup LEVEL4(01.008.004100.7),331
01.008.004100.8,Jarup LEVEL4(01.008.004100.8),332
01.008.004200.1,Jarup LEVEL4(01.008.004200.1),333
01.008.004200.2,Jarup LEVEL4(01.008.004200.2),334
01.008.004200.3,Jarup LEVEL4(01.008.004200.3),335
01.008.004200.4,Jarup LEVEL4(01.008.004200.4),336
01.008.004200.5,Jarup LEVEL4(01.008.004200.5),337
01.008.004200.6,Jarup LEVEL4(01.008.004200.6),338
01.008.004300.1,Jarup LEVEL4(01.008.004300.1),339
01.008.004300.2,Jarup LEVEL4(01.008.004300.2),340
01.008.004300.3,Jarup LEVEL4(01.008.004300.3),341
01.008.004300.4,Jarup LEVEL4(01.008.004300.4),342
01.008.004300.5,Jarup LEVEL4(01.008.004300.5),343
01.008.004300.6,Jarup LEVEL4(01.008.004300.6),344
01.008.004300.7,Jarup LEVEL4(01.008.004300.7),345
01.008.004300.8,Jarup LEVEL4(01.008.004300.8),346
01.008.004400.1,Jarup LEVEL4(01.008.004400.1),347
01.008.004400.2,Jarup LEVEL4(01.008.004400.2),348
01.008.004400.3,Jarup LEVEL4(01.008.004400.3),349
01.008.004400.4,Jarup LEVEL4(01.008.004400.4),350
01.008.004400.5,Jarup LEVEL4(01.008.004400.5),351
01.008.004400.6,Jarup LEVEL4(01.008.004400.6),352
01.008.004400.7,Jarup LEVEL4(01.008.004400.7),353
01.008.004400.8,Jarup LEVEL4(01.008.004400.8),354
01.008.004500.1,Jarup LEVEL4(01.008.004500.1),355
01.008.004500.2,Jarup LEVEL4(01.008.004500.2),356
01.008.004500.3,Jarup LEVEL4(01.008.004500.3),357
01.008.004500.4,Jarup LEVEL4(01.008.004500.4),358
01.008.004500.5,Jarup LEVEL4(01.008.004500.5),359
01.008.004500.6,Jarup LEVEL4(01.008.004500.6),360
01.008.004500.7,Jarup LEVEL4(01.008.004500.7),361
01.008.004600.1,Jarup LEVEL4(01.008.004600.1),362
01.008.004600.2,Jarup LEVEL4(01.008.004600.2),363
01.008.004600.3,Jarup LEVEL4(01.008.004600.3),364
01.008.004600.4,Jarup LEVEL4(01.008.004600.4),365
01.008.004600.5,Jarup LEVEL4(01.008.004600.5),366
01.008.004600.6,Jarup LEVEL4(01.008.004600.6),367
01.008.004600.7,Jarup LEVEL4(01.008.004600.7),368
01.008.004600.8,Jarup LEVEL4(01.008.004600.8),369
01.008.004700.1,Jarup LEVEL4(01.008.004700.1),370
01.008.004700.2,Jarup LEVEL4(01.008.004700.2),371
01.008.004700.3,Jarup LEVEL4(01.008.004700.3),372
01.008.004700.4,Jarup LEVEL4(01.008.004700.4),373
01.008.004700.5,Jarup LEVEL4(01.008.004700.5),374
01.008.004700.6,Jarup LEVEL4(01.008.004700.6),375
01.008.004700.7,Jarup LEVEL4(01.008.004700.7),376
01.008.004700.8,Jarup LEVEL4(01.008.004700.8),377
01.008.004700.9,Jarup LEVEL4(01.008.004700.9),378
01.008.004800.1,Jarup LEVEL4(01.008.004800.1),379
01.008.004800.2,Jarup LEVEL4(01.008.004800.2),380
01.008.004800.3,Jarup LEVEL4(01.008.004800.3),381
01.008.004800.4,Jarup LEVEL4(01.008.004800.4),382
01.008.004800.5,Jarup LEVEL4(01.008.004800.5),383
01.008.004800.6,Jarup LEVEL4(01.008.004800.6),384
01.008.004800.7,Jarup LEVEL4(01.008.004800.7),385
01.008.004800.8,Jarup LEVEL4(01.008.004800.8),386
01.008.004800.9,Jarup LEVEL4(01.008.004800.9),387
01.008.004900.1,Jarup LEVEL4(01.008.004900.1),388
01.008.004900.2,Jarup LEVEL4(01.008.004900.2),389
01.008.004900.3,Jarup LEVEL4(01.008.004900.3),390
01.008.004900.4,Jarup LEVEL4(01.008.004900.4),391
01.008.004900.5,Jarup LEVEL4(01.008.004900.5),392
01.008.004900.6,Jarup LEVEL4(01.008.004900.6),393
01.008.005000.1,Jarup LEVEL4(01.008.005000.1),394
01.008.005000.2,Jarup LEVEL4(01.008.005000.2),395
01.008.005000.3,Jarup LEVEL4(01.008.005000.3),396
01.008.005000.4,Jarup LEVEL4(01.008.005000.4),397
01.008.005000.5,Jarup LEVEL4(01.008.005000.5),398
01.008.005000.6,Jarup LEVEL4(01.008.005000.6),399
01.008.005000.7,Jarup LEVEL4(01.008.005000.7),400
01.008.005000.8,Jarup LEVEL4(01.008.005000.8),401
01.008.005100.1,Jarup LEVEL4(01.008.005100.1),402
01.008.005100.2,Jarup LEVEL4(01.008.005100.2),403
01.008.005100.3,Jarup LEVEL4(01.008.005100.3),404
01.008.005100.4,Jarup LEVEL4(01.008.005100.4),405
01.008.005100.5,Jarup LEVEL4(01.008.005100.5),406
01.008.005100.6,Jarup LEVEL4(01.008.005100.6),407
01.008.005200.1,Jarup LEVEL4(01.008.005200.1),408
01.008.005200.2,Jarup LEVEL4(01.008.005200.2),409
01.008.005200.3,Jarup LEVEL4(01.008.005200.3),410
01.008.005200.4,Jarup LEVEL4(01.008.005200.4),411
01.008.005200.5,Jarup LEVEL4(01.008.005200.5),412
01.008.005200.6,Jarup LEVEL4(01.008.005200.6),413
01.008.005200.7,Jarup LEVEL4(01.008.005200.7),414
01.008.005300.1,Jarup LEVEL4(01.008.005300.1),415
01.008.005300.2,Jarup LEVEL4(01.008.005300.2),416
01.008.005300.3,Jarup LEVEL4(01.008.005300.3),417
01.008.005300.4,Jarup LEVEL4(01.008.005300.4),418
01.008.005300.5,Jarup LEVEL4(01.008.005300.5),419
01.008.005300.6,Jarup LEVEL4(01.008.005300.6),420
01.008.005300.7,Jarup LEVEL4(01.008.005300.7),421
01.008.005300.8,Jarup LEVEL4(01.008.005300.8),422
01.008.005400.1,Jarup LEVEL4(01.008.005400.1),423
01.008.005400.2,Jarup LEVEL4(01.008.005400.2),424
01.008.005400.3,Jarup LEVEL4(01.008.005400.3),425
01.008.005400.4,Jarup LEVEL4(01.008.005400.4),426
01.008.005400.5,Jarup LEVEL4(01.008.005400.5),427
01.008.005500.1,Jarup LEVEL4(01.008.005500.1),428
01.008.005500.2,Jarup LEVEL4(01.008.005500.2),429
01.008.005500.3,Jarup LEVEL4(01.008.005500.3),430
01.008.005500.4,Jarup LEVEL4(01.008.005500.4),431
01.008.005500.5,Jarup LEVEL4(01.008.005500.5),432
01.008.005500.6,Jarup LEVEL4(01.008.005500.6),433
01.008.005500.7,Jarup LEVEL4(01.008.005500.7),434
01.008.005600.1,Jarup LEVEL4(01.008.005600.1),435
01.008.005600.2,Jarup LEVEL4(01.008.005600.2),436
01.008.005600.3,Jarup LEVEL4(01.008.005600.3),437
01.008.005600.4,Jarup LEVEL4(01.008.005600.4),438
01.008.005600.5,Jarup LEVEL4(01.008.005600.5),439
01.008.005600.6,Jarup LEVEL4(01.008.005600.6),440
01.008.005700.1,Jarup LEVEL4(01.008.005700.1),441
01.008.005700.2,Jarup LEVEL4(01.008.005700.2),442
01.008.005700.3,Jarup LEVEL4(01.008.005700.3),443
01.008.005700.4,Jarup LEVEL4(01.008.005700.4),444
01.008.005700.5,Jarup LEVEL4(01.008.005700.5),445
01.008.005700.6,Jarup LEVEL4(01.008.005700.6),446
01.008.005700.7,Jarup LEVEL4(01.008.005700.7),447
01.008.005800.1,Jarup LEVEL4(01.008.005800.1),448
01.008.005800.2,Jarup LEVEL4(01.008.005800.2),449
01.008.005800.3,Jarup LEVEL4(01.008.005800.3),450
01.008.005800.4,Jarup LEVEL4(01.008.005800.4),451
01.008.005800.5,Jarup LEVEL4(01.008.005800.5),452
01.008.005800.6,Jarup LEVEL4(01.008.005800.6),453
01.008.005900.1,Jarup LEVEL4(01.008.005900.1),454
01.008.005900.2,Jarup LEVEL4(01.008.005900.2),455
01.008.005900.3,Jarup LEVEL4(01.008.005900.3),456
01.008.005900.4,Jarup LEVEL4(01.008.005900.4),457
01.008.005900.5,Jarup LEVEL4(01.008.005900.5),458
01.008.005900.6,Jarup LEVEL4(01.008.005900.6),459
01.008.005900.7,Jarup LEVEL4(01.008.005900.7),460
01.008.005900.8,Jarup LEVEL4(01.008.005900.8),461
01.008.006000.1,Jarup LEVEL4(01.008.006000.1),462
01.008.006000.2,Jarup LEVEL4(01.008.006000.2),463
01.008.006000.3,Jarup LEVEL4(01.008.006000.3),464
01.008.006000.4,Jarup LEVEL4(01.008.006000.4),465
01.008.006000.5,Jarup LEVEL4(01.008.006000.5),466
01.008.006000.6,Jarup LEVEL4(01.008.006000.6),467
01.008.006000.7,Jarup LEVEL4(01.008.006000.7),468
01.008.006100.1,Jarup LEVEL4(01.008.006100.1),469
01.008.006100.2,Jarup LEVEL4(01.008.006100.2),470
01.008.006100.3,Jarup LEVEL4(01.008.006100.3),471
01.008.006100.4,Jarup LEVEL4(01.008.006100.4),472
01.008.006100.5,Jarup LEVEL4(01.008.006100.5),473
01.008.006100.6,Jarup LEVEL4(01.008.006100.6),474
01.008.006100.7,Jarup LEVEL4(01.008.006100.7),475
01.008.006100.8,Jarup LEVEL4(01.008.006100.8),476
01.008.006200.1,Jarup LEVEL4(01.008.006200.1),477
01.008.006200.2,Jarup LEVEL4(01.008.006200.2),478
01.008.006200.3,Jarup LEVEL4(01.008.006200.3),479
01.008.006200.4,Jarup LEVEL4(01.008.006200.4),480
01.008.006200.5,Jarup LEVEL4(01.008.006200.5),481
01.008.006200.6,Jarup LEVEL4(01.008.006200.6),482
01.008.006300.1,Jarup LEVEL4(01.008.006300.1),483
01.008.006300.2,Jarup LEVEL4(01.008.006300.2),484
01.008.006300.3,Jarup LEVEL4(01.008.006300.3),485
01.008.006300.4,Jarup LEVEL4(01.008.006300.4),486
01.008.006300.5,Jarup LEVEL4(01.008.006300.5),487
01.008.006300.6,Jarup LEVEL4(01.008.006300.6),488
01.008.006300.7,Jarup LEVEL4(01.008.006300.7),489
01.008.006400.1,Jarup LEVEL4(01.008.006400.1),490
01.008.006400.2,Jarup LEVEL4(01.008.006400.2),491
01.008.006400.3,Jarup LEVEL4(01.008.006400.3),492
01.008.006400.4,Jarup LEVEL4(01.008.006400.4),493
01.008.006400.5,Jarup LEVEL4(01.008.006400.5),494
01.008.006400.6,Jarup LEVEL4(01.008.006400.6),495
01.008.006400.7,Jarup LEVEL4(01.008.006400.7),496
01.008.006500.1,Jarup LEVEL4(01.008.006500.1),497
01.008.006500.2,Jarup LEVEL4(01.008.006500.2),498
01.008.006500.3,Jarup LEVEL4(01.008.006500.3),499
01.008.006500.4,Jarup LEVEL4(01.008.006500.4),500
01.008.006500.5,Jarup LEVEL4(01.008.006500.5),501
01.008.006500.6,Jarup LEVEL4(01.008.006500.6),502
01.008.006500.7,Jarup LEVEL4(01.008.006500.7),503
01.008.006600.1,Jarup LEVEL4(01.008.006600.1),504
01.008.006600.2,Jarup LEVEL4(01.008.006600.2),505
01.008.006600.3,Jarup LEVEL4(01.008.006600.3),506
01.008.006600.4,Jarup LEVEL4(01.008.006600.4),507
01.008.006600.5,Jarup LEVEL4(01.008.006600.5),508
01.008.006600.6,Jarup LEVEL4(01.008.006600.6),509
01.008.006600.7,Jarup LEVEL4(01.008.006600.7),510
01.008.006600.8,Jarup LEVEL4(01.008.006600.8),511
01.008.006700.1,Jarup LEVEL4(01.008.006700.1),512
01.008.006700.2,Jarup LEVEL4(01.008.006700.2),513
01.008.006700.3,Jarup LEVEL4(01.008.006700.3),514
01.008.006700.4,Jarup LEVEL4(01.008.006700.4),515
01.008.006700.5,Jarup LEVEL4(01.008.006700.5),516
01.008.006700.6,Jarup LEVEL4(01.008.006700.6),517
01.008.006800.1,Jarup LEVEL4(01.008.006800.1),518
01.008.006800.2,Jarup LEVEL4(01.008.006800.2),519
01.008.006800.3,Jarup LEVEL4(01.008.006800.3),520
01.008.006800.4,Jarup LEVEL4(01.008.006800.4),521
01.008.006800.5,Jarup LEVEL4(01.008.006800.5),522
01.008.006800.6,Jarup LEVEL4(01.008.006800.6),523
01.008.006900.1,Jarup LEVEL4(01.008.006900.1),524
01.008.006900.2,Jarup LEVEL4(01.008.006900.2),525
01.008.006900.3,Jarup LEVEL4(01.008.006900.3),526
01.008.006900.4,Jarup LEVEL4(01.008.006900.4),527
01.008.006900.5,Jarup LEVEL4(01.008.006900.5),528
01.008.006900.6,Jarup LEVEL4(01.008.006900.6),529
01.008.007000.1,Jarup LEVEL4(01.008.007000.1),530
01.008.007000.2,Jarup LEVEL4(01.008.007000.2),531
01.008.007000.3,Jarup LEVEL4(01.008.007000.3),532
01.008.007000.4,Jarup LEVEL4(01.008.007000.4),533
01.008.007000.5,Jarup LEVEL4(01.008.007000.5),534
01.008.007000.6,Jarup LEVEL4(01.008.007000.6),535
01.008.007000.7,Jarup LEVEL4(01.008.007000.7),536
01.008.007100.1,Jarup LEVEL4(01.008.007100.1),537
01.008.007100.2,Jarup LEVEL4(01.008.007100.2),538
01.008.007100.3,Jarup LEVEL4(01.008.007100.3),539
01.008.007100.4,Jarup LEVEL4(01.008.007100.4),540
01.008.007100.5,Jarup LEVEL4(01.008.007100.5),541
01.008.007100.6,Jarup LEVEL4(01.008.007100.6),542
01.008.007100.7,Jarup LEVEL4(01.008.007100.7),543
01.008.007200.1,Jarup LEVEL4(01.008.007200.1),544
01.008.007200.2,Jarup LEVEL4(01.008.007200.2),545
01.008.007200.3,Jarup LEVEL4(01.008.007200.3),546
01.008.007200.4,Jarup LEVEL4(01.008.007200.4),547
01.008.007200.5,Jarup LEVEL4(01.008.007200.5),548
01.008.007200.6,Jarup LEVEL4(01.008.007200.6),549
01.008.007300.1,Jarup LEVEL4(01.008.007300.1),550
01.008.007300.2,Jarup LEVEL4(01.008.007300.2),551
01.008.007300.3,Jarup LEVEL4(01.008.007300.3),552
01.008.007300.4,Jarup LEVEL4(01.008.007300.4),553
01.008.007300.5,Jarup LEVEL4(01.008.007300.5),554
01.008.007300.6,Jarup LEVEL4(01.008.007300.6),555
01.008.007300.7,Jarup LEVEL4(01.008.007300.7),556
01.008.007400.1,Jarup LEVEL4(01.008.007400.1),557
01.008.007400.2,Jarup LEVEL4(01.008.007400.2),558
01.008.007400.3,Jarup LEVEL4(01.008.007400.3),559
01.008.007400.4,Jarup LEVEL4(01.008.007400.4),560
01.008.007400.5,Jarup LEVEL4(01.008.007400.5),561
01.008.007400.6,Jarup LEVEL4(01.008.007400.6),562
01.008.007400.7,Jarup LEVEL4(01.008.007400.7),563
01.008.007400.8,Jarup LEVEL4(01.008.007400.8),564
01.008.007500.1,Jarup LEVEL4(01.008.007500.1),565
01.008.007500.2,Jarup LEVEL4(01.008.007500.2),566
01.008.007500.3,Jarup LEVEL4(01.008.007500.3),567
01.008.007500.4,Jarup LEVEL4(01.008.007500.4),568
01.008.007500.5,Jarup LEVEL4(01.008.007500.5),569
01.008.007500.6,Jarup LEVEL4(01.008.007500.6),570
01.008.007500.7,Jarup LEVEL4(01.008.007500.7),571
01.008.007500.8,Jarup LEVEL4(01.008.007500.8),572
01.008.007600.1,Jarup LEVEL4(01.008.007600.1),573
01.008.007600.2,Jarup LEVEL4(01.008.007600.2),574
01.008.007600.3,Jarup LEVEL4(01.008.007600.3),575
01.008.007600.4,Jarup LEVEL4(01.008.007600.4),576
01.008.007600.5,Jarup LEVEL4(01.008.007600.5),577
01.008.007600.6,Jarup LEVEL4(01.008.007600.6),578
01.008.007600.7,Jarup LEVEL4(01.008.007600.7),579
01.008.007600.8,Jarup LEVEL4(01.008.007600.8),580
01.008.007700.1,Jarup LEVEL4(01.008.007700.1),581
01.008.007700.2,Jarup LEVEL4(01.008.007700.2),582
01.008.007700.3,Jarup LEVEL4(01.008.007700.3),583
01.008.007700.4,Jarup LEVEL4(01.008.007700.4),584
01.008.007700.5,Jarup LEVEL4(01.008.007700.5),585
01.008.007700.6,Jarup LEVEL4(01.008.007700.6),586
01.008.007700.7,Jarup LEVEL4(01.008.007700.7),587
01.008.007800.1,Jarup LEVEL4(01.008.007800.1),588
01.008.007800.2,Jarup LEVEL4(01.008.007800.2),589
01.008.007800.3,Jarup LEVEL4(01.008.007800.3),590
01.008.007800.4,Jarup LEVEL4(01.008.007800.4),591
01.008.007800.5,Jarup LEVEL4(01.008.007800.5),592
01.008.007800.6,Jarup LEVEL4(01.008.007800.6),593
01.008.007800.7,Jarup LEVEL4(01.008.007800.7),594
01.008.007800.8,Jarup LEVEL4(01.008.007800.8),595
01.008.007900.1,Jarup LEVEL4(01.008.007900.1),596
01.008.007900.2,Jarup LEVEL4(01.008.007900.2),597
01.008.007900.3,Jarup LEVEL4(01.008.007900.3),598
01.008.007900.4,Jarup LEVEL4(01.008.007900.4),599
01.008.008000.1,Jarup LEVEL4(01.008.008000.1),600
01.008.008000.2,Jarup LEVEL4(01.008.008000.2),601
01.008.008000.3,Jarup LEVEL4(01.008.008000.3),602
01.008.008000.4,Jarup LEVEL4(01.008.008000.4),603
01.008.008000.5,Jarup LEVEL4(01.008.008000.5),604
01.008.008000.6,Jarup LEVEL4(01.008.008000.6),605
01.008.008000.7,Jarup LEVEL4(01.008.008000.7),606
01.008.008100.1,Jarup LEVEL4(01.008.008100.1),607
01.008.008100.2,Jarup LEVEL4(01.008.008100.2),608
01.008.008100.3,Jarup LEVEL4(01.008.008100.3),609
01.008.008100.4,Jarup LEVEL4(01.008.008100.4),610
01.008.008100.5,Jarup LEVEL4(01.008.008100.5),611
01.008.008100.6,Jarup LEVEL4(01.008.008100.6),612
01.008.008100.7,Jarup LEVEL4(01.008.008100.7),613
01.008.008200.1,Jarup LEVEL4(01.008.008200.1),614
01.008.008200.2,Jarup LEVEL4(01.008.008200.2),615
01.008.008200.3,Jarup LEVEL4(01.008.008200.3),616
01.008.008200.4,Jarup LEVEL4(01.008.008200.4),617
01.008.008200.5,Jarup LEVEL4(01.008.008200.5),618
01.008.008200.6,Jarup LEVEL4(01.008.008200.6),619
01.008.008200.7,Jarup LEVEL4(01.008.008200.7),620
01.008.008300.1,Jarup LEVEL4(01.008.008300.1),621
01.008.008300.2,Jarup LEVEL4(01.008.008300.2),622
01.008.008300.3,Jarup LEVEL4(01.008.008300.3),623
01.008.008300.4,Jarup LEVEL4(01.008.008300.4),624
01.008.008300.5,Jarup LEVEL4(01.008.008300.5),625
01.008.008300.6,Jarup LEVEL4(01.008.008300.6),626
01.008.008300.7,Jarup LEVEL4(01.008.008300.7),627
01.008.008300.8,Jarup LEVEL4(01.008.008300.8),628
01.008.008400.1,Jarup LEVEL4(01.008.008400.1),629
01.008.008400.2,Jarup LEVEL4(01.008.008400.2),630
01.008.008400.3,Jarup LEVEL4(01.008.008400.3),631
01.008.008400.4,Jarup LEVEL4(01.008.008400.4),632
01.008.008400.5,Jarup LEVEL4(01.008.008400.5),633
01.008.008400.6,Jarup LEVEL4(01.008.008400.6),634
01.008.008400.7,Jarup LEVEL4(01.008.008400.7),635
01.008.008500.1,Jarup LEVEL4(01.008.008500.1),636
01.008.008500.2,Jarup LEVEL4(01.008.008500.2),637
01.008.008500.3,Jarup LEVEL4(01.008.008500.3),638
01.008.008500.4,Jarup LEVEL4(01.008.008500.4),639
01.008.008500.5,Jarup LEVEL4(01.008.008500.5),640
01.008.008500.6,Jarup LEVEL4(01.008.008500.6),641
01.008.008500.7,Jarup LEVEL4(01.008.008500.7),642
01.008.008500.8,Jarup LEVEL4(01.008.008500.8),643
01.008.008600.1,Jarup LEVEL4(01.008.008600.1),644
01.008.008600.2,Jarup LEVEL4(01.008.008600.2),645
01.008.008600.3,Jarup LEVEL4(01.008.008600.3),646
01.008.008600.4,Jarup LEVEL4(01.008.008600.4),647
01.008.008600.5,Jarup LEVEL4(01.008.008600.5),648
01.008.008600.6,Jarup LEVEL4(01.008.008600.6),649
01.008.008700.1,Jarup LEVEL4(01.008.008700.1),650
01.008.008700.2,Jarup LEVEL4(01.008.008700.2),651
01.008.008700.3,Jarup LEVEL4(01.008.008700.3),652
01.008.008700.4,Jarup LEVEL4(01.008.008700.4),653
01.008.008700.5,Jarup LEVEL4(01.008.008700.5),654
01.008.008700.6,Jarup LEVEL4(01.008.008700.6),655
01.008.008700.7,Jarup LEVEL4(01.008.008700.7),656
01.008.008700.8,Jarup LEVEL4(01.008.008700.8),657
01.008.008800.1,Jarup LEVEL4(01.008.008800.1),658
01.008.008800.2,Jarup LEVEL4(01.008.008800.2),659
01.008.008800.3,Jarup LEVEL4(01.008.008800.3),660
01.008.008800.4,Jarup LEVEL4(01.008.008800.4),661
01.008.008800.5,Jarup LEVEL4(01.008.008800.5),662
01.008.008800.6,Jarup LEVEL4(01.008.008800.6),663
01.008.008900.1,Jarup LEVEL4(01.008.008900.1),664
01.008.008900.2,Jarup LEVEL4(01.008.008900.2),665
01.008.008900.3,Jarup LEVEL4(01.008.008900.3),666
01.008.008900.4,Jarup LEVEL4(01.008.008900.4),667
01.008.008900.5,Jarup LEVEL4(01.008.008900.5),668
01.008.008900.6,Jarup LEVEL4(01.008.008900.6),669
01.008.008900.7,Jarup LEVEL4(01.008.008900.7),670
01.008.009000.1,Jarup LEVEL4(01.008.009000.1),671
01.008.009000.2,Jarup LEVEL4(01.008.009000.2),672
01.008.009000.3,Jarup LEVEL4(01.008.009000.3),673
01.008.009000.4,Jarup LEVEL4(01.008.009000.4),674
01.008.009000.5,Jarup LEVEL4(01.008.009000.5),675
01.008.009000.6,Jarup LEVEL4(01.008.009000.6),676
01.008.009000.7,Jarup LEVEL4(01.008.009000.7),677
01.008.009000.8,Jarup LEVEL4(01.008.009000.8),678
01.008.009100.1,Jarup LEVEL4(01.008.009100.1),679
01.008.009100.2,Jarup LEVEL4(01.008.009100.2),680
01.008.009100.3,Jarup LEVEL4(01.008.009100.3),681
01.008.009100.4,Jarup LEVEL4(01.008.009100.4),682
01.008.009100.5,Jarup LEVEL4(01.008.009100.5),683
01.008.009100.6,Jarup LEVEL4(01.008.009100.6),684
01.008.009100.7,Jarup LEVEL4(01.008.009100.7),685
01.008.009200.1,Jarup LEVEL4(01.008.009200.1),686
01.008.009200.2,Jarup LEVEL4(01.008.009200.2),687
01.008.009200.3,Jarup LEVEL4(01.008.009200.3),688
01.008.009200.4,Jarup LEVEL4(01.008.009200.4),689
01.008.009200.5,Jarup LEVEL4(01.008.009200.5),690
01.008.009200.6,Jarup LEVEL4(01.008.009200.6),691
01.008.009200.7,Jarup LEVEL4(01.008.009200.7),692
01.008.009200.8,Jarup LEVEL4(01.008.009200.8),693
01.008.009300.1,Jarup LEVEL4(01.008.009300.1),694
01.008.009300.2,Jarup LEVEL4(01.008.009300.2),695
01.008.009300.3,Jarup LEVEL4(01.008.009300.3),696
01.008.009300.4,Jarup LEVEL4(01.008.009300.4),697
01.008.009300.5,Jarup LEVEL4(01.008.009300.5),698
01.008.009300.6,Jarup LEVEL4(01.008.009300.6),699
01.008.009300.7,Jarup LEVEL4(01.008.009300.7),700
01.008.009300.8,Jarup LEVEL4(01.008.009300.8),701
01.008.009400.1,Jarup LEVEL4(01.008.009400.1),702
01.008.009400.2,Jarup LEVEL4(01.008.009400.2),703
01.008.009400.3,Jarup LEVEL4(01.008.009400.3),704
01.008.009400.4,Jarup LEVEL4(01.008.009400.4),705
01.008.009400.5,Jarup LEVEL4(01.008.009400.5),706
01.008.009400.6,Jarup LEVEL4(01.008.009400.6),707
01.008.009400.7,Jarup LEVEL4(01.008.009400.7),708
01.008.009400.8,Jarup LEVEL4(01.008.009400.8),709
01.008.009400.9,Jarup LEVEL4(01.008.009400.9),710
01.008.009401.1,Jarup LEVEL4(01.008.009401.1),711
01.008.009401.2,Jarup LEVEL4(01.008.009401.2),712
01.008.009401.3,Jarup LEVEL4(01.008.009401.3),713
01.008.009401.4,Jarup LEVEL4(01.008.009401.4),714
01.008.009500.1,Jarup LEVEL4(01.008.009500.1),715
01.008.009500.2,Jarup LEVEL4(01.008.009500.2),716
01.008.009500.3,Jarup LEVEL4(01.008.009500.3),717
01.008.009500.4,Jarup LEVEL4(01.008.009500.4),718
01.008.009500.5,Jarup LEVEL4(01.008.009500.5),719
01.008.009500.6,Jarup LEVEL4(01.008.009500.6),720
01.008.009500.7,Jarup LEVEL4(01.008.009500.7),721
01.008.009500.8,Jarup LEVEL4(01.008.009500.8),722
01.008.009500.9,Jarup LEVEL4(01.008.009500.9),723
01.008.009600.1,Jarup LEVEL4(01.008.009600.1),724
01.008.009600.2,Jarup LEVEL4(01.008.009600.2),725
01.008.009600.3,Jarup LEVEL4(01.008.009600.3),726
01.008.009600.4,Jarup LEVEL4(01.008.009600.4),727
01.008.009600.5,Jarup LEVEL4(01.008.009600.5),728
01.008.009600.6,Jarup LEVEL4(01.008.009600.6),729
01.008.009600.7,Jarup LEVEL4(01.008.009600.7),730
01.008.009600.8,Jarup LEVEL4(01.008.009600.8),731
01.008.009600.9,Jarup LEVEL4(01.008.009600.9),732
01.008.009700.1,Jarup LEVEL4(01.008.009700.1),733
01.008.009700.2,Jarup LEVEL4(01.008.009700.2),734
01.008.009700.3,Jarup LEVEL4(01.008.009700.3),735
01.008.009700.4,Jarup LEVEL4(01.008.009700.4),736
01.008.009700.5,Jarup LEVEL4(01.008.009700.5),737
01.008.009700.6,Jarup LEVEL4(01.008.009700.6),738
01.008.009700.7,Jarup LEVEL4(01.008.009700.7),739
01.008.009700.8,Jarup LEVEL4(01.008.009700.8),740
01.008.009800.1,Jarup LEVEL4(01.008.009800.1),741
01.008.009800.2,Jarup LEVEL4(01.008.009800.2),742
01.008.009800.3,Jarup LEVEL4(01.008.009800.3),743
01.008.009800.4,Jarup LEVEL4(01.008.009800.4),744
01.008.009800.5,Jarup LEVEL4(01.008.009800.5),745
01.008.009800.6,Jarup LEVEL4(01.008.009800.6),746
01.008.009800.7,Jarup LEVEL4(01.008.009800.7),747
01.008.009900.1,Jarup LEVEL4(01.008.009900.1),748
01.008.009900.2,Jarup LEVEL4(01.008.009900.2),749
01.008.009900.3,Jarup LEVEL4(01.008.009900.3),750
01.008.009900.4,Jarup LEVEL4(01.008.009900.4),751
01.008.009900.5,Jarup LEVEL4(01.008.009900.5),752
01.008.009900.6,Jarup LEVEL4(01.008.009900.6),753
01.008.009900.7,Jarup LEVEL4(01.008.009900.7),754
01.008.009900.8,Jarup LEVEL4(01.008.009900.8),755
01.008.010100.1,Jarup LEVEL4(01.008.010100.1),756
01.008.010100.2,Jarup LEVEL4(01.008.010100.2),757
01.008.010100.3,Jarup LEVEL4(01.008.010100.3),758
01.008.010100.4,Jarup LEVEL4(01.008.010100.4),759
01.008.010100.5,Jarup LEVEL4(01.008.010100.5),760
01.008.010100.6,Jarup LEVEL4(01.008.010100.6),761
01.008.010200.1,Jarup LEVEL4(01.008.010200.1),762
01.008.010200.2,Jarup LEVEL4(01.008.010200.2),763
01.008.010200.3,Jarup LEVEL4(01.008.010200.3),764
01.008.010200.4,Jarup LEVEL4(01.008.010200.4),765
01.008.010200.5,Jarup LEVEL4(01.008.010200.5),766
01.008.010200.6,Jarup LEVEL4(01.008.010200.6),767
01.008.010200.7,Jarup LEVEL4(01.008.010200.7),768
01.008.010200.8,Jarup LEVEL4(01.008.010200.8),769
01.008.010300.1,Jarup LEVEL4(01.008.010300.1),770
01.008.010300.2,Jarup LEVEL4(01.008.010300.2),771
01.008.010300.3,Jarup LEVEL4(01.008.010300.3),772
01.008.010300.4,Jarup LEVEL4(01.008.010300.4),773
01.008.010300.5,Jarup LEVEL4(01.008.010300.5),774
01.008.010300.6,Jarup LEVEL4(01.008.010300.6),775
01.008.010300.7,Jarup LEVEL4(01.008.010300.7),776
01.008.010300.8,Jarup LEVEL4(01.008.010300.8),777
01.008.010300.9,Jarup LEVEL4(01.008.010300.9),778
01.008.010400.1,Jarup LEVEL4(01.008.010400.1),779
01.008.010400.2,Jarup LEVEL4(01.008.010400.2),780
01.008.010400.3,Jarup LEVEL4(01.008.010400.3),781
01.008.010400.4,Jarup LEVEL4(01.008.010400.4),782
01.008.010400.5,Jarup LEVEL4(01.008.010400.5),783
01.008.010400.6,Jarup LEVEL4(01.008.010400.6),784
01.008.010400.7,Jarup LEVEL4(01.008.010400.7),785
01.008.010400.8,Jarup LEVEL4(01.008.010400.8),786
01.008.010500.1,Jarup LEVEL4(01.008.010500.1),787
01.008.010500.2,Jarup LEVEL4(01.008.010500.2),788
01.008.010500.3,Jarup LEVEL4(01.008.010500.3),789
01.008.010500.4,Jarup LEVEL4(01.008.010500.4),790
01.008.010500.5,Jarup LEVEL4(01.008.010500.5),791
01.008.010500.6,Jarup LEVEL4(01.008.010500.6),792
01.008.010500.7,Jarup LEVEL4(01.008.010500.7),793
01.008.010500.8,Jarup LEVEL4(01.008.010500.8),794
01.008.010500.9,Jarup LEVEL4(01.008.010500.9),795
01.008.010600.1,Jarup LEVEL4(01.008.010600.1),796
01.008.010600.2,Jarup LEVEL4(01.008.010600.2),797
01.008.010600.3,Jarup LEVEL4(01.008.010600.3),798
01.008.010600.4,Jarup LEVEL4(01.008.010600.4),799
01.008.010600.5,Jarup LEVEL4(01.008.010600.5),800
01.008.010600.6,Jarup LEVEL4(01.008.010600.6),801
01.008.010600.7,Jarup LEVEL4(01.008.010600.7),802
01.008.010700.1,Jarup LEVEL4(01.008.010700.1),803
01.008.010700.2,Jarup LEVEL4(01.008.010700.2),804
01.008.010700.3,Jarup LEVEL4(01.008.010700.3),805
01.008.010700.4,Jarup LEVEL4(01.008.010700.4),806
01.008.010700.5,Jarup LEVEL4(01.008.010700.5),807
01.008.010700.6,Jarup LEVEL4(01.008.010700.6),808
01.008.010700.7,Jarup LEVEL4(01.008.010700.7),809
01.008.010700.8,Jarup LEVEL4(01.008.010700.8),810
01.008.010700.9,Jarup LEVEL4(01.008.010700.9),811
01.008.010800.1,Jarup LEVEL4(01.008.010800.1),812
01.008.010800.2,Jarup LEVEL4(01.008.010800.2),813
01.008.010800.3,Jarup LEVEL4(01.008.010800.3),814
01.008.010900.1,Jarup LEVEL4(01.008.010900.1),815
01.008.010900.2,Jarup LEVEL4(01.008.010900.2),816
01.008.010900.3,Jarup LEVEL4(01.008.010900.3),817
01.008.010900.4,Jarup LEVEL4(01.008.010900.4),818
01.008.010900.5,Jarup LEVEL4(01.008.010900.5),819
01.008.010900.6,Jarup LEVEL4(01.008.010900.6),820
01.008.010900.7,Jarup LEVEL4(01.008.010900.7),821
01.008.011000.1,Jarup LEVEL4(01.008.011000.1),822
01.008.011000.2,Jarup LEVEL4(01.008.011000.2),823
01.008.011000.3,Jarup LEVEL4(01.008.011000.3),824
01.008.011000.4,Jarup LEVEL4(01.008.011000.4),825
01.009.002700.1,Elliot LEVEL4(01.009.002700.1),826
01.009.002700.2,Elliot LEVEL4(01.009.002700.2),827
01.009.002700.3,Elliot LEVEL4(01.009.002700.3),828
01.009.002700.4,Elliot LEVEL4(01.009.002700.4),829
01.009.002700.5,Elliot LEVEL4(01.009.002700.5),830
01.009.002800.1,Elliot LEVEL4(01.009.002800.1),831
01.009.002800.2,Elliot LEVEL4(01.009.002800.2),832
01.009.002800.3,Elliot LEVEL4(01.009.002800.3),833
01.009.002800.4,Elliot LEVEL4(01.009.002800.4),834
01.009.002800.5,Elliot LEVEL4(01.009.002800.5),835
01.009.002900.1,Elliot LEVEL4(01.009.002900.1),836
01.009.002900.2,Elliot LEVEL4(01.009.002900.2),837
01.009.002900.3,Elliot LEVEL4(01.009.002900.3),838
01.009.003000.1,Elliot LEVEL4(01.009.003000.1),839
01.009.003100.1,Elliot LEVEL4(01.009.003100.1),840
01.009.003100.2,Elliot LEVEL4(01.009.003100.2),841
01.009.003100.3,Elliot LEVEL4(01.009.003100.3),842
01.009.003200.1,Elliot LEVEL4(01.009.003200.1),843
01.009.003200.2,Elliot LEVEL4(01.009.003200.2),844
01.009.003200.3,Elliot LEVEL4(01.009.003200.3),845
01.009.003200.4,Elliot LEVEL4(01.009.003200.4),846
01.009.003200.5,Elliot LEVEL4(01.009.003200.5),847
01.009.003200.6,Elliot LEVEL4(01.009.003200.6),848
01.011.012600.1,Clarke LEVEL4(01.011.012600.1),849
01.011.012600.2,Clarke LEVEL4(01.011.012600.2),850
01.011.012600.3,Clarke LEVEL4(01.011.012600.3),851
01.011.012600.4,Clarke LEVEL4(01.011.012600.4),852
01.011.012700.1,Clarke LEVEL4(01.011.012700.1),853
01.011.012700.2,Clarke LEVEL4(01.011.012700.2),854
01.011.012700.3,Clarke LEVEL4(01.011.012700.3),855
01.011.012800.1,Clarke LEVEL4(01.011.012800.1),856
01.011.012800.2,Clarke LEVEL4(01.011.012800.2),857
01.011.012800.3,Clarke LEVEL4(01.011.012800.3),858
01.011.012800.4,Clarke LEVEL4(01.011.012800.4),859
01.011.012800.5,Clarke LEVEL4(01.011.012800.5),860
01.011.012800.6,Clarke LEVEL4(01.011.012800.6),861
01.011.012800.7,Clarke LEVEL4(01.011.012800.7),862
01.011.012900.1,Clarke LEVEL4(01.011.012900.1),863
01.011.012900.2,Clarke LEVEL4(01.011.012900.2),864
01.011.012900.3,Clarke LEVEL4(01.011.012900.3),865
01.011.012900.4,Clarke LEVEL4(01.011.012900.4),866
01.011.012900.5,Clarke LEVEL4(01.011.012900.5),867
01.011.012900.6,Clarke LEVEL4(01.011.012900.6),868
01.011.012900.7,Clarke LEVEL4(01.011.012900.7),869
01.011.012900.8,Clarke LEVEL4(01.011.012900.8),870
01.011.013000.1,Clarke LEVEL4(01.011.013000.1),871
01.011.013000.2,Clarke LEVEL4(01.011.013000.2),872
01.011.013000.3,Clarke LEVEL4(01.011.013000.3),873
01.011.013000.4,Clarke LEVEL4(01.011.013000.4),874
01.011.013000.5,Clarke LEVEL4(01.011.013000.5),875
01.011.013000.6,Clarke LEVEL4(01.011.013000.6),876
01.011.013000.7,Clarke LEVEL4(01.011.013000.7),877
01.011.013000.8,Clarke LEVEL4(01.011.013000.8),878
01.011.013100.1,Clarke LEVEL4(01.011.013100.1),879
01.011.013100.2,Clarke LEVEL4(01.011.013100.2),880
01.011.013100.3,Clarke LEVEL4(01.011.013100.3),881
01.011.013100.4,Clarke LEVEL4(01.011.013100.4),882
01.011.013100.5,Clarke LEVEL4(01.011.013100.5),883
01.011.013100.6,Clarke LEVEL4(01.011.013100.6),884
01.011.013100.7,Clarke LEVEL4(01.011.013100.7),885
01.011.013100.8,Clarke LEVEL4(01.011.013100.8),886
01.011.013100.9,Clarke LEVEL4(01.011.013100.9),887
01.011.013200.1,Clarke LEVEL4(01.011.013200.1),888
01.011.013200.2,Clarke LEVEL4(01.011.013200.2),889
01.011.013200.3,Clarke LEVEL4(01.011.013200.3),890
01.011.013200.4,Clarke LEVEL4(01.011.013200.4),891
01.011.013200.5,Clarke LEVEL4(01.011.013200.5),892
01.011.013200.6,Clarke LEVEL4(01.011.013200.6),893
01.011.013300.1,Clarke LEVEL4(01.011.013300.1),894
01.011.013300.2,Clarke LEVEL4(01.011.013300.2),895
01.011.013300.3,Clarke LEVEL4(01.011.013300.3),896
01.011.013300.4,Clarke LEVEL4(01.011.013300.4),897
01.011.013300.5,Clarke LEVEL4(01.011.013300.5),898
01.011.013300.6,Clarke LEVEL4(01.011.013300.6),899
01.011.013300.7,Clarke LEVEL4(01.011.013300.7),900
01.011.013300.8,Clarke LEVEL4(01.011.013300.8),901
01.011.013300.9,Clarke LEVEL4(01.011.013300.9),902
01.011.013400.1,Clarke LEVEL4(01.011.013400.1),903
01.011.013400.2,Clarke LEVEL4(01.011.013400.2),904
01.011.013400.3,Clarke LEVEL4(01.011.013400.3),905
01.011.013400.4,Clarke LEVEL4(01.011.013400.4),906
01.011.013400.5,Clarke LEVEL4(01.011.013400.5),907
01.011.013400.6,Clarke LEVEL4(01.011.013400.6),908
01.011.013400.7,Clarke LEVEL4(01.011.013400.7),909
01.011.013400.8,Clarke LEVEL4(01.011.013400.8),910
01.011.013500.1,Clarke LEVEL4(01.011.013500.1),911
01.011.013500.2,Clarke LEVEL4(01.011.013500.2),912
01.011.013500.3,Clarke LEVEL4(01.011.013500.3),913
01.011.013500.4,Clarke LEVEL4(01.011.013500.4),914
01.011.013500.5,Clarke LEVEL4(01.011.013500.5),915
01.011.013500.6,Clarke LEVEL4(01.011.013500.6),916
01.011.013500.7,Clarke LEVEL4(01.011.013500.7),917
01.011.013500.8,Clarke LEVEL4(01.011.013500.8),918
01.011.013600.1,Clarke LEVEL4(01.011.013600.1),919
01.011.013600.2,Clarke LEVEL4(01.011.013600.2),920
01.011.013600.3,Clarke LEVEL4(01.011.013600.3),921
01.011.013600.4,Clarke LEVEL4(01.011.013600.4),922
01.011.013600.5,Clarke LEVEL4(01.011.013600.5),923
01.011.013600.6,Clarke LEVEL4(01.011.013600.6),924
01.011.013600.7,Clarke LEVEL4(01.011.013600.7),925
01.011.013600.8,Clarke LEVEL4(01.011.013600.8),926
01.011.013600.9,Clarke LEVEL4(01.011.013600.9),927
01.011.013700.1,Clarke LEVEL4(01.011.013700.1),928
01.011.013700.2,Clarke LEVEL4(01.011.013700.2),929
01.011.013700.3,Clarke LEVEL4(01.011.013700.3),930
01.011.013700.4,Clarke LEVEL4(01.011.013700.4),931
01.011.013700.5,Clarke LEVEL4(01.011.013700.5),932
01.011.013700.6,Clarke LEVEL4(01.011.013700.6),933
01.011.013700.7,Clarke LEVEL4(01.011.013700.7),934
01.011.013700.8,Clarke LEVEL4(01.011.013700.8),935
01.011.013800.1,Clarke LEVEL4(01.011.013800.1),936
01.011.013800.2,Clarke LEVEL4(01.011.013800.2),937
01.011.013800.3,Clarke LEVEL4(01.011.013800.3),938
01.011.013800.4,Clarke LEVEL4(01.011.013800.4),939
01.011.013800.5,Clarke LEVEL4(01.011.013800.5),940
01.011.013800.6,Clarke LEVEL4(01.011.013800.6),941
01.011.013800.7,Clarke LEVEL4(01.011.013800.7),942
01.011.013800.8,Clarke LEVEL4(01.011.013800.8),943
01.011.013800.9,Clarke LEVEL4(01.011.013800.9),944
01.011.013900.1,Clarke LEVEL4(01.011.013900.1),945
01.011.013900.2,Clarke LEVEL4(01.011.013900.2),946
01.011.013900.3,Clarke LEVEL4(01.011.013900.3),947
01.011.013900.4,Clarke LEVEL4(01.011.013900.4),948
01.011.013900.5,Clarke LEVEL4(01.011.013900.5),949
01.011.013900.6,Clarke LEVEL4(01.011.013900.6),950
01.011.013900.7,Clarke LEVEL4(01.011.013900.7),951
01.011.013900.8,Clarke LEVEL4(01.011.013900.8),952
01.011.013900.9,Clarke LEVEL4(01.011.013900.9),953
01.011.014000.1,Clarke LEVEL4(01.011.014000.1),954
01.011.014000.2,Clarke LEVEL4(01.011.014000.2),955
01.011.014000.3,Clarke LEVEL4(01.011.014000.3),956
01.011.014100.1,Clarke LEVEL4(01.011.014100.1),957
01.011.014100.2,Clarke LEVEL4(01.011.014100.2),958
01.011.014100.3,Clarke LEVEL4(01.011.014100.3),959
01.011.014100.4,Clarke LEVEL4(01.011.014100.4),960
01.011.014100.5,Clarke LEVEL4(01.011.014100.5),961
01.011.014100.6,Clarke LEVEL4(01.011.014100.6),962
01.011.014100.7,Clarke LEVEL4(01.011.014100.7),963
01.011.014200.1,Clarke LEVEL4(01.011.014200.1),964
01.011.014200.2,Clarke LEVEL4(01.011.014200.2),965
01.011.014200.3,Clarke LEVEL4(01.011.014200.3),966
01.011.014200.4,Clarke LEVEL4(01.011.014200.4),967
01.011.014200.5,Clarke LEVEL4(01.011.014200.5),968
01.011.014200.6,Clarke LEVEL4(01.011.014200.6),969
01.011.014200.7,Clarke LEVEL4(01.011.014200.7),970
01.011.014200.8,Clarke LEVEL4(01.011.014200.8),971
01.011.014300.1,Clarke LEVEL4(01.011.014300.1),972
01.011.014300.2,Clarke LEVEL4(01.011.014300.2),973
01.011.014300.3,Clarke LEVEL4(01.011.014300.3),974
01.011.014300.4,Clarke LEVEL4(01.011.014300.4),975
01.011.014300.5,Clarke LEVEL4(01.011.014300.5),976
01.011.014300.6,Clarke LEVEL4(01.011.014300.6),977
01.011.014400.1,Clarke LEVEL4(01.011.014400.1),978
01.011.014400.2,Clarke LEVEL4(01.011.014400.2),979
01.011.014400.3,Clarke LEVEL4(01.011.014400.3),980
01.011.014500.1,Clarke LEVEL4(01.011.014500.1),981
01.011.014500.2,Clarke LEVEL4(01.011.014500.2),982
01.011.014500.3,Clarke LEVEL4(01.011.014500.3),983
01.011.014500.4,Clarke LEVEL4(01.011.014500.4),984
01.011.014500.5,Clarke LEVEL4(01.011.014500.5),985
01.011.014500.6,Clarke LEVEL4(01.011.014500.6),986
01.011.014500.7,Clarke LEVEL4(01.011.014500.7),987
01.011.014500.8,Clarke LEVEL4(01.011.014500.8),988
01.011.014600.1,Clarke LEVEL4(01.011.014600.1),989
01.011.014600.2,Clarke LEVEL4(01.011.014600.2),990
01.011.014600.3,Clarke LEVEL4(01.011.014600.3),991
01.011.014600.4,Clarke LEVEL4(01.011.014600.4),992
01.011.014600.5,Clarke LEVEL4(01.011.014600.5),993
01.011.014600.6,Clarke LEVEL4(01.011.014600.6),994
01.011.014600.7,Clarke LEVEL4(01.011.014600.7),995
01.011.014600.8,Clarke LEVEL4(01.011.014600.8),996
01.011.014700.1,Clarke LEVEL4(01.011.014700.1),997
01.011.014700.2,Clarke LEVEL4(01.011.014700.2),998
01.011.014700.3,Clarke LEVEL4(01.011.014700.3),999
01.011.014700.4,Clarke LEVEL4(01.011.014700.4),1000
01.011.014700.5,Clarke LEVEL4(01.011.014700.5),1001
01.011.014800.1,Clarke LEVEL4(01.011.014800.1),1002
01.011.014800.2,Clarke LEVEL4(01.011.014800.2),1003
01.011.014800.3,Clarke LEVEL4(01.011.014800.3),1004
01.011.014800.4,Clarke LEVEL4(01.011.014800.4),1005
01.011.014800.5,Clarke LEVEL4(01.011.014800.5),1006
01.011.014800.6,Clarke LEVEL4(01.011.014800.6),1007
01.011.014800.7,Clarke LEVEL4(01.011.014800.7),1008
01.011.014800.8,Clarke LEVEL4(01.011.014800.8),1009
01.011.014800.9,Clarke LEVEL4(01.011.014800.9),1010
01.011.014900.1,Clarke LEVEL4(01.011.014900.1),1011
01.011.014900.2,Clarke LEVEL4(01.011.014900.2),1012
01.011.014900.3,Clarke LEVEL4(01.011.014900.3),1013
01.011.014900.4,Clarke LEVEL4(01.011.014900.4),1014
01.011.014900.5,Clarke LEVEL4(01.011.014900.5),1015
01.011.014900.6,Clarke LEVEL4(01.011.014900.6),1016
01.011.014900.7,Clarke LEVEL4(01.011.014900.7),1017
01.011.014900.8,Clarke LEVEL4(01.011.014900.8),1018
01.011.015000.1,Clarke LEVEL4(01.011.015000.1),1019
01.011.015000.2,Clarke LEVEL4(01.011.015000.2),1020
01.011.015000.3,Clarke LEVEL4(01.011.015000.3),1021
01.011.015000.4,Clarke LEVEL4(01.011.015000.4),1022
01.011.015000.5,Clarke LEVEL4(01.011.015000.5),1023
01.011.015000.6,Clarke LEVEL4(01.011.015000.6),1024
01.011.015100.1,Clarke LEVEL4(01.011.015100.1),1025
01.011.015100.2,Clarke LEVEL4(01.011.015100.2),1026
01.011.015100.3,Clarke LEVEL4(01.011.015100.3),1027
01.011.015100.4,Clarke LEVEL4(01.011.015100.4),1028
01.011.015100.5,Clarke LEVEL4(01.011.015100.5),1029
01.011.015100.6,Clarke LEVEL4(01.011.015100.6),1030
01.011.015100.7,Clarke LEVEL4(01.011.015100.7),1031
01.011.015200.1,Clarke LEVEL4(01.011.015200.1),1032
01.011.015200.2,Clarke LEVEL4(01.011.015200.2),1033
01.011.015200.3,Clarke LEVEL4(01.011.015200.3),1034
01.011.015300.1,Clarke LEVEL4(01.011.015300.1),1035
01.011.015300.2,Clarke LEVEL4(01.011.015300.2),1036
01.011.015300.3,Clarke LEVEL4(01.011.015300.3),1037
01.011.015300.4,Clarke LEVEL4(01.011.015300.4),1038
01.011.015300.5,Clarke LEVEL4(01.011.015300.5),1039
01.011.015300.6,Clarke LEVEL4(01.011.015300.6),1040
01.011.015400.1,Clarke LEVEL4(01.011.015400.1),1041
01.011.015400.2,Clarke LEVEL4(01.011.015400.2),1042
01.011.015400.3,Clarke LEVEL4(01.011.015400.3),1043
01.011.015400.4,Clarke LEVEL4(01.011.015400.4),1044
01.011.015500.1,Clarke LEVEL4(01.011.015500.1),1045
01.011.015500.2,Clarke LEVEL4(01.011.015500.2),1046
01.011.015500.3,Clarke LEVEL4(01.011.015500.3),1047
01.011.015500.4,Clarke LEVEL4(01.011.015500.4),1048
01.011.015500.5,Clarke LEVEL4(01.011.015500.5),1049
01.011.015500.6,Clarke LEVEL4(01.011.015500.6),1050
01.011.015500.7,Clarke LEVEL4(01.011.015500.7),1051
01.011.015600.1,Clarke LEVEL4(01.011.015600.1),1052
01.011.015600.2,Clarke LEVEL4(01.011.015600.2),1053
01.011.015600.3,Clarke LEVEL4(01.011.015600.3),1054
01.011.015600.4,Clarke LEVEL4(01.011.015600.4),1055
01.011.015600.5,Clarke LEVEL4(01.011.015600.5),1056
01.011.015600.6,Clarke LEVEL4(01.011.015600.6),1057
01.011.015600.7,Clarke LEVEL4(01.011.015600.7),1058
01.011.015700.1,Clarke LEVEL4(01.011.015700.1),1059
01.011.015700.2,Clarke LEVEL4(01.011.015700.2),1060
01.011.015700.3,Clarke LEVEL4(01.011.015700.3),1061
01.011.015700.4,Clarke LEVEL4(01.011.015700.4),1062
01.011.015800.1,Clarke LEVEL4(01.011.015800.1),1063
01.011.015800.2,Clarke LEVEL4(01.011.015800.2),1064
01.012.003000.2,Tirado LEVEL4(01.012.003000.2),1065
01.012.015900.1,Tirado LEVEL4(01.012.015900.1),1066
01.012.015900.2,Tirado LEVEL4(01.012.015900.2),1067
01.012.015900.3,Tirado LEVEL4(01.012.015900.3),1068
01.012.016000.1,Tirado LEVEL4(01.012.016000.1),1069
01.013.016000.2,Kozniewska LEVEL4(01.013.016000.2),1070
01.013.016000.3,Kozniewska LEVEL4(01.013.016000.3),1071
01.013.016100.1,Kozniewska LEVEL4(01.013.016100.1),1072
01.013.016100.2,Kozniewska LEVEL4(01.013.016100.2),1073
01.013.016100.3,Kozniewska LEVEL4(01.013.016100.3),1074
01.013.016200.1,Kozniewska LEVEL4(01.013.016200.1),1075
01.013.016200.2,Kozniewska LEVEL4(01.013.016200.2),1076
01.013.016200.3,Kozniewska LEVEL4(01.013.016200.3),1077
01.013.016200.4,Kozniewska LEVEL4(01.013.016200.4),1078
01.013.016200.5,Kozniewska LEVEL4(01.013.016200.5),1079
01.013.016200.6,Kozniewska LEVEL4(01.013.016200.6),1080
01.013.016200.7,Kozniewska LEVEL4(01.013.016200.7),1081
01.013.016300.1,Kozniewska LEVEL4(01.013.016300.1),1082
01.013.016300.2,Kozniewska LEVEL4(01.013.016300.2),1083
01.013.016300.3,Kozniewska LEVEL4(01.013.016300.3),1084
01.013.016300.4,Kozniewska LEVEL4(01.013.016300.4),1085
01.013.016300.5,Kozniewska LEVEL4(01.013.016300.5),1086
01.013.016300.6,Kozniewska LEVEL4(01.013.016300.6),1087
01.013.016300.7,Kozniewska LEVEL4(01.013.016300.7),1088
01.013.016300.8,Kozniewska LEVEL4(01.013.016300.8),1089
01.013.016400.1,Kozniewska LEVEL4(01.013.016400.1),1090
01.013.016400.2,Kozniewska LEVEL4(01.013.016400.2),1091
01.013.016400.3,Kozniewska LEVEL4(01.013.016400.3),1092
01.013.016400.4,Kozniewska LEVEL4(01.013.016400.4),1093
01.013.016400.5,Kozniewska LEVEL4(01.013.016400.5),1094
01.013.016400.6,Kozniewska LEVEL4(01.013.016400.6),1095
01.013.016400.7,Kozniewska LEVEL4(01.013.016400.7),1096
01.013.016400.8,Kozniewska LEVEL4(01.013.016400.8),1097
01.013.016500.1,Kozniewska LEVEL4(01.013.016500.1),1098
01.013.016500.2,Kozniewska LEVEL4(01.013.016500.2),1099
01.013.016600.1,Kozniewska LEVEL4(01.013.016600.1),1100
01.013.016600.2,Kozniewska LEVEL4(01.013.016600.2),1101
01.013.016600.3,Kozniewska LEVEL4(01.013.016600.3),1102
01.013.016600.4,Kozniewska LEVEL4(01.013.016600.4),1103
01.013.016600.5,Kozniewska LEVEL4(01.013.016600.5),1104
01.013.016600.6,Kozniewska LEVEL4(01.013.016600.6),1105
01.013.016600.7,Kozniewska LEVEL4(01.013.016600.7),1106
01.013.016700.1,Kozniewska LEVEL4(01.013.016700.1),1107
01.013.016700.2,Kozniewska LEVEL4(01.013.016700.2),1108
01.013.016700.3,Kozniewska LEVEL4(01.013.016700.3),1109
01.013.016700.4,Kozniewska LEVEL4(01.013.016700.4),1110
01.013.016700.5,Kozniewska LEVEL4(01.013.016700.5),1111
01.013.016700.6,Kozniewska LEVEL4(01.013.016700.6),1112
01.013.016700.7,Kozniewska LEVEL4(01.013.016700.7),1113
01.013.016800.1,Kozniewska LEVEL4(01.013.016800.1),1114
01.013.016800.2,Kozniewska LEVEL4(01.013.016800.2),1115
01.013.016800.3,Kozniewska LEVEL4(01.013.016800.3),1116
01.014.017200.1,Stordy LEVEL4(01.014.017200.1),1117
01.014.017200.2,Stordy LEVEL4(01.014.017200.2),1118
01.014.017200.3,Stordy LEVEL4(01.014.017200.3),1119
01.014.017200.4,Stordy LEVEL4(01.014.017200.4),1120
01.014.017200.5,Stordy LEVEL4(01.014.017200.5),1121
01.014.017200.7,Stordy LEVEL4(01.014.017200.7),1122
01.014.017300.1,Stordy LEVEL4(01.014.017300.1),1123
01.014.017300.2,Stordy LEVEL4(01.014.017300.2),1124
01.014.017300.3,Stordy LEVEL4(01.014.017300.3),1125
01.014.017300.4,Stordy LEVEL4(01.014.017300.4),1126
01.014.017300.5,Stordy LEVEL4(01.014.017300.5),1127
01.014.017300.6,Stordy LEVEL4(01.014.017300.6),1128
01.014.017300.7,Stordy LEVEL4(01.014.017300.7),1129
01.014.017500.1,Stordy LEVEL4(01.014.017500.1),1130
01.014.017600.1,Stordy LEVEL4(01.014.017600.1),1131
01.014.017600.2,Stordy LEVEL4(01.014.017600.2),1132
01.014.017600.3,Stordy LEVEL4(01.014.017600.3),1133
01.014.017600.4,Stordy LEVEL4(01.014.017600.4),1134
01.014.017600.5,Stordy LEVEL4(01.014.017600.5),1135
01.014.017700.1,Stordy LEVEL4(01.014.017700.1),1136
01.014.017700.2,Stordy LEVEL4(01.014.017700.2),1137
01.014.017700.3,Stordy LEVEL4(01.014.017700.3),1138
01.014.017700.4,Stordy LEVEL4(01.014.017700.4),1139
01.014.017700.5,Stordy LEVEL4(01.014.017700.5),1140
01.014.017700.6,Stordy LEVEL4(01.014.017700.6),1141
01.014.017700.7,Stordy LEVEL4(01.014.017700.7),1142
01.014.017700.8,Stordy LEVEL4(01.014.017700.8),1143
01.014.017800.1,Stordy LEVEL4(01.014.017800.1),1144
01.014.017800.2,Stordy LEVEL4(01.014.017800.2),1145
01.014.017800.3,Stordy LEVEL4(01.014.017800.3),1146
01.014.017800.4,Stordy LEVEL4(01.014.017800.4),1147
01.014.017800.5,Stordy LEVEL4(01.014.017800.5),1148
01.014.017900.1,Stordy LEVEL4(01.014.017900.1),1149
01.014.017900.2,Stordy LEVEL4(01.014.017900.2),1150
01.014.018000.1,Stordy LEVEL4(01.014.018000.1),1151
01.014.018000.2,Stordy LEVEL4(01.014.018000.2),1152
01.014.018000.3,Stordy LEVEL4(01.014.018000.3),1153
01.014.018000.4,Stordy LEVEL4(01.014.018000.4),1154
01.014.018100.1,Stordy LEVEL4(01.014.018100.1),1155
01.014.018100.2,Stordy LEVEL4(01.014.018100.2),1156
01.014.018100.3,Stordy LEVEL4(01.014.018100.3),1157
01.014.018100.4,Stordy LEVEL4(01.014.018100.4),1158
01.014.018100.5,Stordy LEVEL4(01.014.018100.5),1159
01.014.018100.6,Stordy LEVEL4(01.014.018100.6),1160
01.014.018200.1,Stordy LEVEL4(01.014.018200.1),1161
01.014.018200.2,Stordy LEVEL4(01.014.018200.2),1162
01.014.018200.3,Stordy LEVEL4(01.014.018200.3),1163
01.014.018200.4,Stordy LEVEL4(01.014.018200.4),1164
01.014.018200.5,Stordy LEVEL4(01.014.018200.5),1165
01.014.018200.6,Stordy LEVEL4(01.014.018200.6),1166
01.014.018200.7,Stordy LEVEL4(01.014.018200.7),1167
01.014.018300.1,Stordy LEVEL4(01.014.018300.1),1168
01.014.018300.2,Stordy LEVEL4(01.014.018300.2),1169
01.014.018300.3,Stordy LEVEL4(01.014.018300.3),1170
01.014.018300.4,Stordy LEVEL4(01.014.018300.4),1171
01.014.018300.5,Stordy LEVEL4(01.014.018300.5),1172
01.014.018300.6,Stordy LEVEL4(01.014.018300.6),1173
01.014.018300.7,Stordy LEVEL4(01.014.018300.7),1174
01.014.018400.1,Stordy LEVEL4(01.014.018400.1),1175
01.014.018400.2,Stordy LEVEL4(01.014.018400.2),1176
01.014.018400.3,Stordy LEVEL4(01.014.018400.3),1177
01.014.018400.4,Stordy LEVEL4(01.014.018400.4),1178
01.014.018400.5,Stordy LEVEL4(01.014.018400.5),1179
01.014.018400.6,Stordy LEVEL4(01.014.018400.6),1180
01.014.018400.7,Stordy LEVEL4(01.014.018400.7),1181
01.014.018400.8,Stordy LEVEL4(01.014.018400.8),1182
01.014.018400.9,Stordy LEVEL4(01.014.018400.9),1183
01.014.018500.1,Stordy LEVEL4(01.014.018500.1),1184
01.014.018500.2,Stordy LEVEL4(01.014.018500.2),1185
01.014.018500.3,Stordy LEVEL4(01.014.018500.3),1186
01.014.018500.4,Stordy LEVEL4(01.014.018500.4),1187
01.014.018500.5,Stordy LEVEL4(01.014.018500.5),1188
01.014.018500.6,Stordy LEVEL4(01.014.018500.6),1189
01.014.018500.7,Stordy LEVEL4(01.014.018500.7),1190
01.014.018500.8,Stordy LEVEL4(01.014.018500.8),1191
01.014.018600.1,Stordy LEVEL4(01.014.018600.1),1192
01.014.018600.2,Stordy LEVEL4(01.014.018600.2),1193
01.014.018600.3,Stordy LEVEL4(01.014.018600.3),1194
01.014.018600.4,Stordy LEVEL4(01.014.018600.4),1195
01.014.018600.5,Stordy LEVEL4(01.014.018600.5),1196
01.014.018600.6,Stordy LEVEL4(01.014.018600.6),1197
01.014.018700.1,Stordy LEVEL4(01.014.018700.1),1198
01.014.018700.2,Stordy LEVEL4(01.014.018700.2),1199
01.014.018800.1,Stordy LEVEL4(01.014.018800.1),1200
01.014.018800.2,Stordy LEVEL4(01.014.018800.2),1201
01.015.016200.2,Maitland LEVEL4(01.015.016200.2),1202
01.015.016200.3,Maitland LEVEL4(01.015.016200.3),1203
01.015.016200.4,Maitland LEVEL4(01.015.016200.4),1204
01.015.016900.1,Maitland LEVEL4(01.015.016900.1),1205
01.015.016900.2,Maitland LEVEL4(01.015.016900.2),1206
01.015.016900.3,Maitland LEVEL4(01.015.016900.3),1207
01.016.017000.1,De Hoogh LEVEL4(01.016.017000.1),1208
01.016.017000.2,De Hoogh LEVEL4(01.016.017000.2),1209
01.016.017100.1,De Hoogh LEVEL4(01.016.017100.1),1210
01.017.018900.1,Savigny LEVEL4(01.017.018900.1),1211
01.017.019000.1,Savigny LEVEL4(01.017.019000.1),1212
01.017.019000.2,Savigny LEVEL4(01.017.019000.2),1213
01.018.019100.1,Cockings LEVEL4(01.018.019100.1),1214
01.018.019100.2,Cockings LEVEL4(01.018.019100.2),1215
01.018.019100.3,Cockings LEVEL4(01.018.019100.3),1216
01.018.019100.4,Cockings LEVEL4(01.018.019100.4),1217
01.018.019100.5,Cockings LEVEL4(01.018.019100.5),1218
01.018.019200.1,Cockings LEVEL4(01.018.019200.1),1219
01.018.019200.2,Cockings LEVEL4(01.018.019200.2),1220
01.018.019200.3,Cockings LEVEL4(01.018.019200.3),1221
01.018.019300.1,Cockings LEVEL4(01.018.019300.1),1222
01.018.019300.2,Cockings LEVEL4(01.018.019300.2),1223
01.018.019300.3,Cockings LEVEL4(01.018.019300.3),1224
01.018.019400.1,Cockings LEVEL4(01.018.019400.1),1225
01.018.019400.2,Cockings LEVEL4(01.018.019400.2),1226
01.018.019400.3,Cockings LEVEL4(01.018.019400.3),1227
01.018.019500.1,Cockings LEVEL4(01.018.019500.1),1228
01.018.019500.2,Cockings LEVEL4(01.018.019500.2),1229
01.018.019500.3,Cockings LEVEL4(01.018.019500.3),1230
