01,01.001,01.001.000100,01.001.000100.1
01,01.001,01.001.000100,01.001.000100.2
01,01.001,01.001.000200,01.001.000200.1
01,01.001,01.001.000300,01.001.000300.1
01,01.002,01.002.000300,01.002.000300.1
01,01.002,01.002.000300,01.002.000300.2
01,01.002,01.002.000300,01.002.000300.3
01,01.002,01.002.000300,01.002.000300.4
01,01.002,01.002.000300,01.002.000300.5
01,01.002,01.002.000400,01.002.000400.1
01,01.002,01.002.000400,01.002.000400.2
01,01.002,01.002.000400,01.002.000400.3
01,01.002,01.002.000400,01.002.000400.4
01,01.002,01.002.000400,01.002.000400.5
01,01.002,01.002.000400,01.002.000400.6
01,01.002,01.002.000400,01.002.000400.7
01,01.002,01.002.000400,01.002.000400.8
01,01.002,01.002.000400,01.002.000400.9
01,01.002,01.002.000500,01.002.000500.1
01,01.002,01.002.000500,01.002.000500.2
01,01.002,01.002.000500,01.002.000500.3
01,01.002,01.002.000500,01.002.000500.4
01,01.002,01.002.000500,01.002.000500.5
01,01.002,01.002.000500,01.002.000500.6
01,01.002,01.002.000500,01.002.000500.7
01,01.002,01.002.000500,01.002.000500.8
01,01.002,01.002.000500,01.002.000500.9
01,01.002,01.002.000600,01.002.000600.1
01,01.002,01.002.000600,01.002.000600.2
01,01.002,01.002.000600,01.002.000600.3
01,01.002,01.002.000600,01.002.000600.4
01,01.002,01.002.000600,01.002.000600.5
01,01.002,01.002.000600,01.002.000600.6
01,01.002,01.002.000600,01.002.000600.7
01,01.002,01.002.000600,01.002.000600.8
01,01.002,01.002.000600,01.002.000600.9
01,01.002,01.002.000700,01.002.000700.1
01,01.002,01.002.000700,01.002.000700.2
01,01.002,01.002.000700,01.002.000700.3
01,01.002,01.002.000700,01.002.000700.4
01,01.002,01.002.000700,01.002.000700.5
01,01.002,01.002.000700,01.002.000700.6
01,01.002,01.002.000700,01.002.000700.7
01,01.002,01.002.000800,01.002.000800.1
01,01.002,01.002.000800,01.002.000800.2
01,01.002,01.002.000800,01.002.000800.3
01,01.002,01.002.000800,01.002.000800.4
01,01.002,01.002.000800,01.002.000800.5
01,01.002,01.002.000800,01.002.000800.6
01,01.002,01.002.000800,01.002.000800.7
01,01.002,01.002.000900,01.002.000900.1
01,01.002,01.002.000900,01.002.000900.2
01,01.002,01.002.000900,01.002.000900.3
01,01.002,01.002.000900,01.002.000900.4
01,01.002,01.002.000900,01.002.000900.5
01,01.002,01.002.000900,01.002.000900.6
01,01.002,01.002.000900,01.002.000900.7
01,01.002,01.002.000900,01.002.000900.8
01,01.002,01.002.000900,01.002.000900.9
01,01.002,01.002.001000,01.002.001000.1
01,01.002,01.002.001000,01.002.001000.2
01,01.002,01.002.001000,01.002.001000.3
01,01.002,01.002.001000,01.002.001000.4
01,01.002,01.002.001000,01.002.001000.5
01,01.002,01.002.001000,01.002.001000.6
01,01.002,01.002.001000,01.002.001000.7
01,01.002,01.002.001100,01.002.001100.1
01,01.002,01.002.001100,01.002.001100.2
01,01.002,01.002.001100,01.002.001100.3
01,01.002,01.002.001100,01.002.001100.4
01,01.002,01.002.001100,01.002.001100.5
01,01.002,01.002.001100,01.002.001100.6
01,01.002,01.002.001100,01.002.001100.7
01,01.002,01.002.001200,01.002.001200.1
01,01.002,01.002.001200,01.002.001200.2
01,01.002,01.002.001200,01.002.001200.3
01,01.002,01.002.001200,01.002.001200.4
01,01.002,01.002.001200,01.002.001200.5
01,01.002,01.002.001200,01.002.001200.6
01,01.002,01.002.001200,01.002.001200.7
01,01.002,01.002.001300,01.002.001300.1
01,01.002,01.002.001300,01.002.001300.2
01,01.002,01.002.001300,01.002.001300.3
01,01.002,01.002.001300,01.002.001300.4
01,01.002,01.002.001300,01.002.001300.5
01,01.002,01.002.001300,01.002.001300.6
01,01.002,01.002.001300,01.002.001300.8
01,01.002,01.002.001300,01.002.001300.9
01,01.002,01.002.001400,01.002.001400.1
01,01.002,01.002.001400,01.002.001400.2
01,01.002,01.002.001400,01.002.001400.3
01,01.002,01.002.001400,01.002.001400.4
01,01.002,01.002.001400,01.002.001400.5
01,01.002,01.002.001400,01.002.001400.7
01,01.002,01.002.001400,01.002.001400.8
01,01.002,01.002.001400,01.002.001400.9
01,01.002,01.002.001400,01.002.001600.3
01,01.002,01.002.001500,01.002.001300.7
01,01.002,01.002.001500,01.002.001500.2
01,01.002,01.002.001500,01.002.001500.3
01,01.002,01.002.001500,01.002.001500.4
01,01.002,01.002.001500,01.002.001500.5
01,01.002,01.002.001500,01.002.001500.6
01,01.002,01.002.001500,01.002.001500.7
01,01.002,01.002.001500,01.002.001500.8
01,01.002,01.002.001600,01.002.001400.6
01,01.002,01.002.001600,01.002.001500.1
01,01.002,01.002.001600,01.002.001600.1
01,01.002,01.002.001600,01.002.001600.2
01,01.002,01.002.001600,01.002.001600.4
01,01.002,01.002.001600,01.002.001600.5
01,01.002,01.002.001600,01.002.001600.6
01,01.002,01.002.001600,01.002.001600.7
01,01.002,01.002.001600,01.002.001600.8
01,01.002,01.002.001700,01.002.001700.1
01,01.002,01.002.001700,01.002.001700.2
01,01.002,01.002.001700,01.002.001700.3
01,01.002,01.002.001700,01.002.001700.4
01,01.002,01.002.001700,01.002.001700.5
01,01.002,01.002.001700,01.002.001700.6
01,01.002,01.002.001700,01.002.001700.7
01,01.002,01.002.001700,01.002.001700.8
01,01.002,01.002.001700,01.002.001700.9
01,01.002,01.002.001800,01.002.001800.1
01,01.002,01.002.001800,01.002.001800.2
01,01.002,01.002.001800,01.002.001800.3
01,01.002,01.002.001800,01.002.001800.4
01,01.002,01.002.001800,01.002.001800.5
01,01.002,01.002.001800,01.002.001800.6
01,01.002,01.002.001800,01.002.001800.7
01,01.002,01.002.001800,01.002.001800.8
01,01.002,01.002.001900,01.002.001900.1
01,01.002,01.002.001900,01.002.001900.2
01,01.002,01.002.001900,01.002.001900.3
01,01.002,01.002.001900,01.002.001900.4
01,01.002,01.002.001900,01.002.001900.5
01,01.002,01.002.001900,01.002.001900.6
01,01.002,01.002.001900,01.002.001900.7
01,01.002,01.002.001900,01.002.001900.8
01,01.002,01.002.002000,01.002.002000.1
01,01.002,01.002.002000,01.002.002000.2
01,01.002,01.002.002000,01.002.002000.3
01,01.002,01.002.002000,01.002.002000.4
01,01.002,01.002.002000,01.002.002000.5
01,01.002,01.002.002100,01.002.002100.1
01,01.002,01.002.002100,01.002.002100.2
01,01.002,01.002.002100,01.002.002100.3
01,01.002,01.002.002100,01.002.002100.4
01,01.002,01.002.002100,01.002.002100.5
01,01.002,01.002.002100,01.002.002100.6
01,01.002,01.002.002100,01.002.002100.7
01,01.002,01.002.002200,01.002.002200.1
01,01.002,01.002.002200,01.002.002200.2
01,01.002,01.002.002200,01.002.002200.3
01,01.002,01.002.002200,01.002.002200.4
01,01.002,01.002.002200,01.002.002200.6
01,01.002,01.002.002300,01.002.002100.8
01,01.002,01.002.002300,01.002.002200.5
01,01.002,01.002.002300,01.002.002300.1
01,01.002,01.002.002300,01.002.002300.2
01,01.002,01.002.002300,01.002.002300.3
01,01.002,01.002.002300,01.002.002300.4
01,01.002,01.002.002300,01.002.002300.5
01,01.002,01.002.002300,01.002.002300.6
01,01.002,01.002.002300,01.002.002300.7
01,01.002,01.002.002300,01.002.002300.8
01,01.003,01.003.003300,01.003.003300.1
01,01.003,01.003.003400,01.003.003400.1
01,01.003,01.003.003400,01.003.003400.2
01,01.003,01.003.003400,01.003.003400.3
01,01.003,01.003.003400,01.003.003400.4
01,01.003,01.003.003400,01.003.003400.5
01,01.003,01.003.003400,01.003.003400.6
01,01.004,01.004.011100,01.004.011100.1
01,01.004,01.004.011100,01.004.011100.2
01,01.004,01.004.011100,01.004.011100.3
01,01.004,01.004.011100,01.004.011100.4
01,01.004,01.004.011100,01.004.011100.5
01,01.004,01.004.011200,01.004.011200.1
01,01.004,01.004.011200,01.004.011200.2
01,01.004,01.004.011200,01.004.011200.3
01,01.004,01.004.011200,01.004.011200.4
01,01.004,01.004.011200,01.004.011200.5
01,01.004,01.004.011200,01.004.011200.6
01,01.004,01.004.011300,01.004.011300.1
01,01.004,01.004.011300,01.004.011300.2
01,01.004,01.004.011300,01.004.011300.3
01,01.004,01.004.011300,01.004.011300.4
01,01.004,01.004.011300,01.004.011300.5
01,01.004,01.004.011400,01.004.011400.1
01,01.004,01.004.011400,01.004.011400.2
01,01.004,01.004.011400,01.004.011400.3
01,01.004,01.004.011400,01.004.011400.4
01,01.004,01.004.011400,01.004.011400.5
01,01.004,01.004.011400,01.004.011400.6
01,01.004,01.004.011400,01.004.011400.7
01,01.004,01.004.011400,01.004.011400.8
01,01.004,01.004.011400,01.004.011400.9
01,01.004,01.004.011500,01.004.011500.1
01,01.004,01.004.011500,01.004.011500.2
01,01.004,01.004.011500,01.004.011500.3
01,01.004,01.004.011500,01.004.011500.4
01,01.004,01.004.011500,01.004.011500.5
01,01.004,01.004.011500,01.004.011500.6
01,01.004,01.004.011500,01.004.011500.7
01,01.004,01.004.011500,01.004.011500.8
01,01.004,01.004.011500,01.004.011500.9
01,01.004,01.004.011600,01.004.011600.1
01,01.004,01.004.011600,01.004.011600.2
01,01.004,01.004.011600,01.004.011600.3
01,01.004,01.004.011600,01.004.011600.4
01,01.004,01.004.011600,01.004.011600.5
01,01.004,01.004.011600,01.004.011600.6
01,01.004,01.004.011600,01.004.011600.7
01,01.004,01.004.011600,01.004.011600.8
01,01.004,01.004.011600,01.004.011600.9
01,01.004,01.004.011700,01.004.011700.1
01,01.004,01.004.011700,01.004.011700.2
01,01.004,01.004.011700,01.004.011700.3
01,01.004,01.004.011700,01.004.011700.4
01,01.004,01.004.011700,01.004.011700.5
01,01.004,01.004.011700,01.004.011700.6
01,01.004,01.004.011700,01.004.011700.7
01,01.004,01.004.011700,01.004.011700.8
01,01.004,01.004.011700,01.004.011700.9
01,01.004,01.004.011800,01.004.011800.1
01,01.004,01.004.011800,01.004.011800.2
01,01.004,01.004.011900,01.004.011900.1
01,01.004,01.004.011900,01.004.011900.2
01,01.004,01.004.011900,01.004.011900.3
01,01.005,01.005.002400,01.005.002400.1
01,01.005,01.005.002400,01.005.002400.2
01,01.006,01.006.002500,01.006.002500.1
01,01.006,01.006.002500,01.006.002500.2
01,01.006,01.006.002500,01.006.002500.3
01,01.006,01.006.002600,01.006.002600.1
01,01.006,01.006.002600,01.006.002600.2
01,01.006,01.006.002700,01.006.002700.1
01,01.007,01.007.012000,01.007.012000.1
01,01.007,01.007.012000,01.007.012000.2
01,01.007,01.007.012000,01.007.012000.3
01,01.007,01.007.012100,01.007.012100.1
01,01.007,01.007.012100,01.007.012100.2
01,01.007,01.007.012100,01.007.012100.3
01,01.007,01.007.012100,01.007.012100.4
01,01.007,01.007.012100,01.007.012100.5
01,01.007,01.007.012100,01.007.012100.6
01,01.007,01.007.012200,01.007.012200.1
01,01.007,01.007.012200,01.007.012200.2
01,01.007,01.007.012200,01.007.012200.3
01,01.007,01.007.012200,01.007.012200.4
01,01.007,01.007.012200,01.007.012200.5
01,01.007,01.007.012200,01.007.012200.6
01,01.007,01.007.012200,01.007.012200.7
01,01.007,01.007.012300,01.007.012300.1
01,01.007,01.007.012300,01.007.012300.2
01,01.007,01.007.012400,01.007.012400.1
01,01.007,01.007.012400,01.007.012400.2
01,01.007,01.007.012400,01.007.012400.3
01,01.007,01.007.012500,01.007.012500.1
01,01.008,01.008.001000,01.008.001000.1
01,01.008,01.008.001000,01.008.001000.2
01,01.008,01.008.001000,01.008.001000.3
01,01.008,01.008.001000,01.008.001000.4
01,01.008,01.008.001000,01.008.001000.5
01,01.008,01.008.001000,01.008.001000.6
01,01.008,01.008.001000,01.008.001000.7
01,01.008,01.008.001000,01.008.001000.8
01,01.008,01.008.001000,01.008.001000.9
01,01.008,01.008.002900,01.008.002900.1
01,01.008,01.008.002900,01.008.002900.2
01,01.008,01.008.002900,01.008.002900.3
01,01.008,01.008.002900,01.008.002900.4
01,01.008,01.008.002900,01.008.002900.5
01,01.008,01.008.002900,01.008.002900.6
01,01.008,01.008.002900,01.008.002900.7
01,01.008,01.008.003500,01.008.003500.1
01,01.008,01.008.003500,01.008.003500.2
01,01.008,01.008.003500,01.008.003500.3
01,01.008,01.008.003500,01.008.003500.4
01,01.008,01.008.003600,01.008.003600.1
01,01.008,01.008.003600,01.008.003600.2
01,01.008,01.008.003600,01.008.003600.3
01,01.008,01.008.003600,01.008.003600.4
01,01.008,01.008.003700,01.008.003700.1
01,01.008,01.008.003700,01.008.003700.2
01,01.008,01.008.003700,01.008.003700.3
01,01.008,01.008.003700,01.008.003700.4
01,01.008,01.008.003700,01.008.003700.5
01,01.008,01.008.003700,01.008.003700.6
01,01.008,01.008.003700,01.008.003700.7
01,01.008,01.008.003700,01.008.003700.8
01,01.008,01.008.003700,01.008.003700.9
01,01.008,01.008.003800,01.008.003800.1
01,01.008,01.008.003800,01.008.003800.2
01,01.008,01.008.003800,01.008.003800.3
01,01.008,01.008.003800,01.008.003800.4
01,01.008,01.008.003800,01.008.003800.5
01,01.008,01.008.003800,01.008.003800.6
01,01.008,01.008.003800,01.008.003800.7
01,01.008,01.008.003800,01.008.003800.8
01,01.008,01.008.003900,01.008.003900.1
01,01.008,01.008.003900,01.008.003900.2
01,01.008,01.008.003900,01.008.003900.3
01,01.008,01.008.003900,01.008.003900.4
01,01.008,01.008.003900,01.008.003900.5
01,01.008,01.008.003900,01.008.003900.6
01,01.008,01.008.003900,01.008.003900.7
01,01.008,01.008.003900,01.008.003900.8
01,01.008,01.008.003900,01.008.003901.1
01,01.008,01.008.003900,01.008.003901.2
01,01.008,01.008.003900,01.008.003901.3
01,01.008,01.008.003900,01.008.003901.4
01,01.008,01.008.003900,01.008.003901.5
01,01.008,01.008.003900,01.008.003901.6
01,01.008,01.008.003900,01.008.003901.7
01,01.008,01.008.003900,01.008.003901.9
01,01.008,01.008.004000,01.008.004000.1
01,01.008,01.008.004000,01.008.004000.2
01,01.008,01.008.004000,01.008.004000.3
01,01.008,01.008.004000,01.008.004000.4
01,01.008,01.008.004000,01.008.004000.5
01,01.008,01.008.004000,01.008.004000.6
01,01.008,01.008.004000,01.008.004000.7
01,01.008,01.008.004100,01.008.004100.1
01,01.008,01.008.004100,01.008.004100.2
01,01.008,01.008.004100,01.008.004100.3
01,01.008,01.008.004100,01.008.004100.4
01,01.008,01.008.004100,01.008.004100.5
01,01.008,01.008.004100,01.008.004100.6
01,01.008,01.008.004100,01.008.004100.7
01,01.008,01.008.004100,01.008.004100.8
01,01.008,01.008.004200,01.008.004200.1
01,01.008,01.008.004200,01.008.004200.2
01,01.008,01.008.004200,01.008.004200.3
01,01.008,01.008.004200,01.008.004200.4
01,01.008,01.008.004200,01.008.004200.5
01,01.008,01.008.004200,01.008.004200.6
01,01.008,01.008.004300,01.008.004300.1
01,01.008,01.008.004300,01.008.004300.2
01,01.008,01.008.004300,01.008.004300.3
01,01.008,01.008.004300,01.008.004300.4
01,01.008,01.008.004300,01.008.004300.5
01,01.008,01.008.004300,01.008.004300.6
01,01.008,01.008.004300,01.008.004300.7
01,01.008,01.008.004300,01.008.004300.8
01,01.008,01.008.004400,01.008.004400.1
01,01.008,01.008.004400,01.008.004400.2
01,01.008,01.008.004400,01.008.004400.3
01,01.008,01.008.004400,01.008.004400.4
01,01.008,01.008.004400,01.008.004400.5
01,01.008,01.008.004400,01.008.004400.6
01,01.008,01.008.004400,01.008.004400.7
01,01.008,01.008.004400,01.008.004400.8
01,01.008,01.008.004500,01.008.004500.1
01,01.008,01.008.004500,01.008.004500.2
01,01.008,01.008.004500,01.008.004500.3
01,01.008,01.008.004500,01.008.004500.4
01,01.008,01.008.004500,01.008.004500.5
01,01.008,01.008.004500,01.008.004500.6
01,01.008,01.008.004500,01.008.004500.7
01,01.008,01.008.004600,01.008.004600.1
01,01.008,01.008.004600,01.008.004600.2
01,01.008,01.008.004600,01.008.004600.3
01,01.008,01.008.004600,01.008.004600.4
01,01.008,01.008.004600,01.008.004600.5
01,01.008,01.008.004600,01.008.004600.6
01,01.008,01.008.004600,01.008.004600.7
01,01.008,01.008.004600,01.008.004600.8
01,01.008,01.008.004700,01.008.004700.1
01,01.008,01.008.004700,01.008.004700.2
01,01.008,01.008.004700,01.008.004700.3
01,01.008,01.008.004700,01.008.004700.4
01,01.008,01.008.004700,01.008.004700.5
01,01.008,01.008.004700,01.008.004700.6
01,01.008,01.008.004700,01.008.004700.7
01,01.008,01.008.004700,01.008.004700.8
01,01.008,01.008.004700,01.008.004700.9
01,01.008,01.008.004800,01.008.004800.1
01,01.008,01.008.004800,01.008.004800.2
01,01.008,01.008.004800,01.008.004800.3
01,01.008,01.008.004800,01.008.004800.4
01,01.008,01.008.004800,01.008.004800.5
01,01.008,01.008.004800,01.008.004800.6
01,01.008,01.008.004800,01.008.004800.7
01,01.008,01.008.004800,01.008.004800.8
01,01.008,01.008.004800,01.008.004800.9
01,01.008,01.008.004900,01.008.004900.1
01,01.008,01.008.004900,01.008.004900.2
01,01.008,01.008.004900,01.008.004900.3
01,01.008,01.008.004900,01.008.004900.4
01,01.008,01.008.004900,01.008.004900.5
01,01.008,01.008.004900,01.008.004900.6
01,01.008,01.008.005000,01.008.005000.1
01,01.008,01.008.005000,01.008.005000.2
01,01.008,01.008.005000,01.008.005000.3
01,01.008,01.008.005000,01.008.005000.4
01,01.008,01.008.005000,01.008.005000.5
01,01.008,01.008.005000,01.008.005000.6
01,01.008,01.008.005000,01.008.005000.7
01,01.008,01.008.005000,01.008.005000.8
01,01.008,01.008.005100,01.008.005100.1
01,01.008,01.008.005100,01.008.005100.2
01,01.008,01.008.005100,01.008.005100.3
01,01.008,01.008.005100,01.008.005100.4
01,01.008,01.008.005100,01.008.005100.5
01,01.008,01.008.005100,01.008.005100.6
01,01.008,01.008.005200,01.008.005200.1
01,01.008,01.008.005200,01.008.005200.2
01,01.008,01.008.005200,01.008.005200.3
01,01.008,01.008.005200,01.008.005200.4
01,01.008,01.008.005200,01.008.005200.5
01,01.008,01.008.005200,01.008.005200.6
01,01.008,01.008.005200,01.008.005200.7
01,01.008,01.008.005300,01.008.005300.1
01,01.008,01.008.005300,01.008.005300.2
01,01.008,01.008.005300,01.008.005300.3
01,01.008,01.008.005300,01.008.005300.4
01,01.008,01.008.005300,01.008.005300.5
01,01.008,01.008.005300,01.008.005300.6
01,01.008,01.008.005300,01.008.005300.7
01,01.008,01.008.005300,01.008.005300.8
01,01.008,01.008.005400,01.008.005400.1
01,01.008,01.008.005400,01.008.005400.2
01,01.008,01.008.005400,01.008.005400.3
01,01.008,01.008.005400,01.008.005400.4
01,01.008,01.008.005400,01.008.005400.5
01,01.008,01.008.005500,01.008.005500.1
01,01.008,01.008.005500,01.008.005500.2
01,01.008,01.008.005500,01.008.005500.3
01,01.008,01.008.005500,01.008.005500.4
01,01.008,01.008.005500,01.008.005500.5
01,01.008,01.008.005500,01.008.005500.6
01,01.008,01.008.005500,01.008.005500.7
01,01.008,01.008.005600,01.008.005600.1
01,01.008,01.008.005600,01.008.005600.2
01,01.008,01.008.005600,01.008.005600.3
01,01.008,01.008.005600,01.008.005600.4
01,01.008,01.008.005600,01.008.005600.5
01,01.008,01.008.005600,01.008.005600.6
01,01.008,01.008.005700,01.008.005700.1
01,01.008,01.008.005700,01.008.005700.2
01,01.008,01.008.005700,01.008.005700.3
01,01.008,01.008.005700,01.008.005700.4
01,01.008,01.008.005700,01.008.005700.5
01,01.008,01.008.005700,01.008.005700.6
01,01.008,01.008.005700,01.008.005700.7
01,01.008,01.008.005800,01.008.005800.1
01,01.008,01.008.005800,01.008.005800.2
01,01.008,01.008.005800,01.008.005800.3
01,01.008,01.008.005800,01.008.005800.4
01,01.008,01.008.005800,01.008.005800.5
01,01.008,01.008.005800,01.008.005800.6
01,01.008,01.008.005900,01.008.005900.1
01,01.008,01.008.005900,01.008.005900.2
01,01.008,01.008.005900,01.008.005900.3
01,01.008,01.008.005900,01.008.005900.4
01,01.008,01.008.005900,01.008.005900.5
01,01.008,01.008.005900,01.008.005900.6
01,01.008,01.008.005900,01.008.005900.7
01,01.008,01.008.005900,01.008.005900.8
01,01.008,01.008.006000,01.008.006000.1
01,01.008,01.008.006000,01.008.006000.2
01,01.008,01.008.006000,01.008.006000.3
01,01.008,01.008.006000,01.008.006000.4
01,01.008,01.008.006000,01.008.006000.5
01,01.008,01.008.006000,01.008.006000.6
01,01.008,01.008.006000,01.008.006800.1
01,01.008,01.008.006100,01.008.006100.1
01,01.008,01.008.006100,01.008.006100.2
01,01.008,01.008.006100,01.008.006100.3
01,01.008,01.008.006100,01.008.006100.4
01,01.008,01.008.006100,01.008.006100.5
01,01.008,01.008.006100,01.008.006100.6
01,01.008,01.008.006100,01.008.006100.7
01,01.008,01.008.006100,01.008.006100.8
01,01.008,01.008.006200,01.008.006000.7
01,01.008,01.008.006200,01.008.006200.1
01,01.008,01.008.006200,01.008.006200.2
01,01.008,01.008.006200,01.008.006200.3
01,01.008,01.008.006200,01.008.006200.4
01,01.008,01.008.006200,01.008.006200.5
01,01.008,01.008.006300,01.008.006300.1
01,01.008,01.008.006300,01.008.006300.2
01,01.008,01.008.006300,01.008.006300.3
01,01.008,01.008.006300,01.008.006300.4
01,01.008,01.008.006300,01.008.006300.5
01,01.008,01.008.006300,01.008.006300.6
01,01.008,01.008.006300,01.008.006300.7
01,01.008,01.008.006400,01.008.006400.1
01,01.008,01.008.006400,01.008.006400.2
01,01.008,01.008.006400,01.008.006400.3
01,01.008,01.008.006400,01.008.006400.4
01,01.008,01.008.006400,01.008.006400.5
01,01.008,01.008.006400,01.008.006400.6
01,01.008,01.008.006400,01.008.006400.7
01,01.008,01.008.006500,01.008.006500.1
01,01.008,01.008.006500,01.008.006500.2
01,01.008,01.008.006500,01.008.006500.3
01,01.008,01.008.006500,01.008.006500.4
01,01.008,01.008.006500,01.008.006500.5
01,01.008,01.008.006500,01.008.006500.6
01,01.008,01.008.006500,01.008.006500.7
01,01.008,01.008.006600,01.008.006600.1
01,01.008,01.008.006600,01.008.006600.2
01,01.008,01.008.006600,01.008.006600.3
01,01.008,01.008.006600,01.008.006600.4
01,01.008,01.008.006600,01.008.006600.5
01,01.008,01.008.006600,01.008.006600.6
01,01.008,01.008.006600,01.008.006600.7
01,01.008,01.008.006600,01.008.006600.8
01,01.008,01.008.006700,01.008.006700.1
01,01.008,01.008.006700,01.008.006700.2
01,01.008,01.008.006700,01.008.006700.3
01,01.008,01.008.006700,01.008.006700.4
01,01.008,01.008.006700,01.008.006700.5
01,01.008,01.008.006700,01.008.006700.6
01,01.008,01.008.006800,01.008.006200.6
01,01.008,01.008.006800,01.008.006800.2
01,01.008,01.008.006800,01.008.006800.3
01,01.008,01.008.006800,01.008.006800.4
01,01.008,01.008.006800,01.008.006800.5
01,01.008,01.008.006800,01.008.006800.6
01,01.008,01.008.006900,01.008.006900.1
01,01.008,01.008.006900,01.008.006900.2
01,01.008,01.008.006900,01.008.006900.3
01,01.008,01.008.006900,01.008.006900.4
01,01.008,01.008.006900,01.008.006900.5
01,01.008,01.008.006900,01.008.006900.6
01,01.008,01.008.007000,01.008.007000.1
01,01.008,01.008.007000,01.008.007000.2
01,01.008,01.008.007000,01.008.007000.3
01,01.008,01.008.007000,01.008.007000.4
01,01.008,01.008.007000,01.008.007000.5
01,01.008,01.008.007000,01.008.007000.6
01,01.008,01.008.007000,01.008.007000.7
01,01.008,01.008.007100,01.008.007100.1
01,01.008,01.008.007100,01.008.007100.2
01,01.008,01.008.007100,01.008.007100.3
01,01.008,01.008.007100,01.008.007100.4
01,01.008,01.008.007100,01.008.007100.5
01,01.008,01.008.007100,01.008.007100.6
01,01.008,01.008.007100,01.008.007100.7
01,01.008,01.008.007200,01.008.007200.1
01,01.008,01.008.007200,01.008.007200.2
01,01.008,01.008.007200,01.008.007200.3
01,01.008,01.008.007200,01.008.007200.4
01,01.008,01.008.007200,01.008.007200.5
01,01.008,01.008.007200,01.008.007200.6
01,01.008,01.008.007300,01.008.007300.1
01,01.008,01.008.007300,01.008.007300.2
01,01.008,01.008.007300,01.008.007300.3
01,01.008,01.008.007300,01.008.007300.4
01,01.008,01.008.007300,01.008.007300.5
01,01.008,01.008.007300,01.008.007300.6
01,01.008,01.008.007300,01.008.007300.7
01,01.008,01.008.007400,01.008.007400.1
01,01.008,01.008.007400,01.008.007400.2
01,01.008,01.008.007400,01.008.007400.3
01,01.008,01.008.007400,01.008.007400.4
01,01.008,01.008.007400,01.008.007400.5
01,01.008,01.008.007400,01.008.007400.6
01,01.008,01.008.007400,01.008.007400.7
01,01.008,01.008.007400,01.008.007400.8
01,01.008,01.008.007500,01.008.007500.1
01,01.008,01.008.007500,01.008.007500.2
01,01.008,01.008.007500,01.008.007500.3
01,01.008,01.008.007500,01.008.007500.4
01,01.008,01.008.007500,01.008.007500.5
01,01.008,01.008.007500,01.008.007500.6
01,01.008,01.008.007500,01.008.007500.7
01,01.008,01.008.007500,01.008.007500.8
01,01.008,01.008.007600,01.008.007600.1
01,01.008,01.008.007600,01.008.007600.2
01,01.008,01.008.007600,01.008.007600.3
01,01.008,01.008.007600,01.008.007600.4
01,01.008,01.008.007600,01.008.007600.5
01,01.008,01.008.007600,01.008.007600.6
01,01.008,01.008.007600,01.008.007600.7
01,01.008,01.008.007600,01.008.007600.8
01,01.008,01.008.007700,01.008.007700.1
01,01.008,01.008.007700,01.008.007700.2
01,01.008,01.008.007700,01.008.007700.3
01,01.008,01.008.007700,01.008.007700.4
01,01.008,01.008.007700,01.008.007700.5
01,01.008,01.008.007700,01.008.007700.6
01,01.008,01.008.007700,01.008.007700.7
01,01.008,01.008.007800,01.008.007800.1
01,01.008,01.008.007800,01.008.007800.2
01,01.008,01.008.007800,01.008.007800.3
01,01.008,01.008.007800,01.008.007800.4
01,01.008,01.008.007800,01.008.007800.5
01,01.008,01.008.007800,01.008.007800.6
01,01.008,01.008.007800,01.008.007800.7
01,01.008,01.008.007800,01.008.007800.8
01,01.008,01.008.007900,01.008.007900.1
01,01.008,01.008.007900,01.008.007900.2
01,01.008,01.008.007900,01.008.007900.3
01,01.008,01.008.007900,01.008.007900.4
01,01.008,01.008.008000,01.008.008000.1
01,01.008,01.008.008000,01.008.008000.2
01,01.008,01.008.008000,01.008.008000.3
01,01.008,01.008.008000,01.008.008000.4
01,01.008,01.008.008000,01.008.008000.5
01,01.008,01.008.008000,01.008.008000.6
01,01.008,01.008.008000,01.008.008000.7
01,01.008,01.008.008100,01.008.008100.1
01,01.008,01.008.008100,01.008.008100.2
01,01.008,01.008.008100,01.008.008100.3
01,01.008,01.008.008100,01.008.008100.4
01,01.008,01.008.008100,01.008.008100.5
01,01.008,01.008.008100,01.008.008100.6
01,01.008,01.008.008100,01.008.008100.7
01,01.008,01.008.008200,01.008.008200.1
01,01.008,01.008.008200,01.008.008200.2
01,01.008,01.008.008200,01.008.008200.3
01,01.008,01.008.008200,01.008.008200.4
01,01.008,01.008.008200,01.008.008200.5
01,01.008,01.008.008200,01.008.008200.6
01,01.008,01.008.008200,01.008.008200.7
01,01.008,01.008.008300,01.008.008300.1
01,01.008,01.008.008300,01.008.008300.2
01,01.008,01.008.008300,01.008.008300.3
01,01.008,01.008.008300,01.008.008300.4
01,01.008,01.008.008300,01.008.008300.5
01,01.008,01.008.008300,01.008.008300.6
01,01.008,01.008.008300,01.008.008300.7
01,01.008,01.008.008300,01.008.008300.8
01,01.008,01.008.008400,01.008.008400.1
01,01.008,01.008.008400,01.008.008400.2
01,01.008,01.008.008400,01.008.008400.3
01,01.008,01.008.008400,01.008.008400.4
01,01.008,01.008.008400,01.008.008400.5
01,01.008,01.008.008400,01.008.008400.6
01,01.008,01.008.008400,01.008.008400.7
01,01.008,01.008.008500,01.008.008500.1
01,01.008,01.008.008500,01.008.008500.2
01,01.008,01.008.008500,01.008.008500.3
01,01.008,01.008.008500,01.008.008500.4
01,01.008,01.008.008500,01.008.008500.5
01,01.008,01.008.008500,01.008.008500.6
01,01.008,01.008.008500,01.008.008500.7
01,01.008,01.008.008500,01.008.008500.8
01,01.008,01.008.008600,01.008.008600.1
01,01.008,01.008.008600,01.008.008600.2
01,01.008,01.008.008600,01.008.008600.3
01,01.008,01.008.008600,01.008.008600.4
01,01.008,01.008.008600,01.008.008600.5
01,01.008,01.008.008600,01.008.008600.6
01,01.008,01.008.008700,01.008.008700.1
01,01.008,01.008.008700,01.008.008700.2
01,01.008,01.008.008700,01.008.008700.3
01,01.008,01.008.008700,01.008.008700.4
01,01.008,01.008.008700,01.008.008700.5
01,01.008,01.008.008700,01.008.008700.6
01,01.008,01.008.008700,01.008.008700.7
01,01.008,01.008.008700,01.008.008700.8
01,01.008,01.008.008800,01.008.008800.1
01,01.008,01.008.008800,01.008.008800.2
01,01.008,01.008.008800,01.008.008800.3
01,01.008,01.008.008800,01.008.008800.4
01,01.008,01.008.008800,01.008.008800.5
01,01.008,01.008.008800,01.008.008800.6
01,01.008,01.008.008900,01.008.008900.1
01,01.008,01.008.008900,01.008.008900.2
01,01.008,01.008.008900,01.008.008900.3
01,01.008,01.008.008900,01.008.008900.4
01,01.008,01.008.008900,01.008.008900.5
01,01.008,01.008.008900,01.008.008900.6
01,01.008,01.008.008900,01.008.008900.7
01,01.008,01.008.009000,01.008.009000.1
01,01.008,01.008.009000,01.008.009000.2
01,01.008,01.008.009000,01.008.009000.3
01,01.008,01.008.009000,01.008.009000.4
01,01.008,01.008.009000,01.008.009000.5
01,01.008,01.008.009000,01.008.009000.6
01,01.008,01.008.009000,01.008.009000.7
01,01.008,01.008.009000,01.008.009000.8
01,01.008,01.008.009100,01.008.009100.1
01,01.008,01.008.009100,01.008.009100.2
01,01.008,01.008.009100,01.008.009100.3
01,01.008,01.008.009100,01.008.009100.4
01,01.008,01.008.009100,01.008.009100.5
01,01.008,01.008.009100,01.008.009100.6
01,01.008,01.008.009100,01.008.009100.7
01,01.008,01.008.009200,01.008.009200.1
01,01.008,01.008.009200,01.008.009200.2
01,01.008,01.008.009200,01.008.009200.3
01,01.008,01.008.009200,01.008.009200.4
01,01.008,01.008.009200,01.008.009200.5
01,01.008,01.008.009200,01.008.009200.6
01,01.008,01.008.009200,01.008.009200.7
01,01.008,01.008.009200,01.008.009200.8
01,01.008,01.008.009300,01.008.009300.1
01,01.008,01.008.009300,01.008.009300.2
01,01.008,01.008.009300,01.008.009300.3
01,01.008,01.008.009300,01.008.009300.4
01,01.008,01.008.009300,01.008.009300.5
01,01.008,01.008.009300,01.008.009300.6
01,01.008,01.008.009300,01.008.009300.7
01,01.008,01.008.009300,01.008.009300.8
01,01.008,01.008.009400,01.008.009400.1
01,01.008,01.008.009400,01.008.009400.2
01,01.008,01.008.009400,01.008.009400.3
01,01.008,01.008.009400,01.008.009400.4
01,01.008,01.008.009400,01.008.009400.5
01,01.008,01.008.009400,01.008.009400.6
01,01.008,01.008.009400,01.008.009400.7
01,01.008,01.008.009400,01.008.009400.8
01,01.008,01.008.009400,01.008.009400.9
01,01.008,01.008.009400,01.008.009401.1
01,01.008,01.008.009400,01.008.009401.2
01,01.008,01.008.009400,01.008.009401.3
01,01.008,01.008.009400,01.008.009401.4
01,01.008,01.008.009500,01.008.009500.1
01,01.008,01.008.009500,01.008.009500.2
01,01.008,01.008.009500,01.008.009500.3
01,01.008,01.008.009500,01.008.009500.4
01,01.008,01.008.009500,01.008.009500.5
01,01.008,01.008.009500,01.008.009500.6
01,01.008,01.008.009500,01.008.009500.7
01,01.008,01.008.009500,01.008.009500.8
01,01.008,01.008.009500,01.008.009500.9
01,01.008,01.008.009600,01.008.009600.1
01,01.008,01.008.009600,01.008.009600.2
01,01.008,01.008.009600,01.008.009600.3
01,01.008,01.008.009600,01.008.009600.4
01,01.008,01.008.009600,01.008.009600.5
01,01.008,01.008.009600,01.008.009600.6
01,01.008,01.008.009600,01.008.009600.7
01,01.008,01.008.009600,01.008.009600.8
01,01.008,01.008.009600,01.008.009600.9
01,01.008,01.008.009700,01.008.009700.1
01,01.008,01.008.009700,01.008.009700.2
01,01.008,01.008.009700,01.008.009700.3
01,01.008,01.008.009700,01.008.009700.4
01,01.008,01.008.009700,01.008.009700.5
01,01.008,01.008.009700,01.008.009700.6
01,01.008,01.008.009700,01.008.009700.7
01,01.008,01.008.009700,01.008.009700.8
01,01.008,01.008.009800,01.008.009800.1
01,01.008,01.008.009800,01.008.009800.2
01,01.008,01.008.009800,01.008.009800.3
01,01.008,01.008.009800,01.008.009800.4
01,01.008,01.008.009800,01.008.009800.5
01,01.008,01.008.009800,01.008.009800.6
01,01.008,01.008.009800,01.008.009800.7
01,01.008,01.008.009900,01.008.009900.1
01,01.008,01.008.009900,01.008.009900.2
01,01.008,01.008.009900,01.008.009900.3
01,01.008,01.008.009900,01.008.009900.4
01,01.008,01.008.009900,01.008.009900.5
01,01.008,01.008.009900,01.008.009900.6
01,01.008,01.008.009900,01.008.009900.7
01,01.008,01.008.009900,01.008.009900.8
01,01.008,01.008.010100,01.008.010100.1
01,01.008,01.008.010100,01.008.010100.2
01,01.008,01.008.010100,01.008.010100.3
01,01.008,01.008.010100,01.008.010100.4
01,01.008,01.008.010100,01.008.010100.5
01,01.008,01.008.010100,01.008.010100.6
01,01.008,01.008.010200,01.008.010200.1
01,01.008,01.008.010200,01.008.010200.2
01,01.008,01.008.010200,01.008.010200.3
01,01.008,01.008.010200,01.008.010200.4
01,01.008,01.008.010200,01.008.010200.5
01,01.008,01.008.010200,01.008.010200.6
01,01.008,01.008.010200,01.008.010200.7
01,01.008,01.008.010200,01.008.010200.8
01,01.008,01.008.010300,01.008.010300.1
01,01.008,01.008.010300,01.008.010300.2
01,01.008,01.008.010300,01.008.010300.3
01,01.008,01.008.010300,01.008.010300.4
01,01.008,01.008.010300,01.008.010300.5
01,01.008,01.008.010300,01.008.010300.6
01,01.008,01.008.010300,01.008.010300.7
01,01.008,01.008.010300,01.008.010300.8
01,01.008,01.008.010300,01.008.010300.9
01,01.008,01.008.010400,01.008.010400.1
01,01.008,01.008.010400,01.008.010400.2
01,01.008,01.008.010400,01.008.010400.3
01,01.008,01.008.010400,01.008.010400.4
01,01.008,01.008.010400,01.008.010400.5
01,01.008,01.008.010400,01.008.010400.6
01,01.008,01.008.010400,01.008.010400.7
01,01.008,01.008.010400,01.008.010400.8
01,01.008,01.008.010500,01.008.010500.1
01,01.008,01.008.010500,01.008.010500.2
01,01.008,01.008.010500,01.008.010500.3
01,01.008,01.008.010500,01.008.010500.4
01,01.008,01.008.010500,01.008.010500.5
01,01.008,01.008.010500,01.008.010500.6
01,01.008,01.008.010500,01.008.010500.7
01,01.008,01.008.010500,01.008.010500.8
01,01.008,01.008.010500,01.008.010500.9
01,01.008,01.008.010600,01.008.010600.1
01,01.008,01.008.010600,01.008.010600.2
01,01.008,01.008.010600,01.008.010600.3
01,01.008,01.008.010600,01.008.010600.4
01,01.008,01.008.010600,01.008.010600.5
01,01.008,01.008.010600,01.008.010600.6
01,01.008,01.008.010600,01.008.010600.7
01,01.008,01.008.010700,01.008.010700.1
01,01.008,01.008.010700,01.008.010700.2
01,01.008,01.008.010700,01.008.010700.3
01,01.008,01.008.010700,01.008.010700.4
01,01.008,01.008.010700,01.008.010700.5
01,01.008,01.008.010700,01.008.010700.6
01,01.008,01.008.010700,01.008.010700.7
01,01.008,01.008.010700,01.008.010700.8
01,01.008,01.008.010700,01.008.010700.9
01,01.008,01.008.010800,01.008.010800.1
01,01.008,01.008.010800,01.008.010800.2
01,01.008,01.008.010800,01.008.010800.3
01,01.008,01.008.010900,01.008.010900.1
01,01.008,01.008.010900,01.008.010900.2
01,01.008,01.008.010900,01.008.010900.3
01,01.008,01.008.010900,01.008.010900.4
01,01.008,01.008.010900,01.008.010900.5
01,01.008,01.008.010900,01.008.010900.6
01,01.008,01.008.010900,01.008.010900.7
01,01.008,01.008.011000,01.008.011000.1
01,01.008,01.008.011000,01.008.011000.2
01,01.008,01.008.011000,01.008.011000.3
01,01.008,01.008.011000,01.008.011000.4
01,01.009,01.009.002700,01.009.002700.1
01,01.009,01.009.002700,01.009.002700.2
01,01.009,01.009.002700,01.009.002700.3
01,01.009,01.009.002700,01.009.002700.4
01,01.009,01.009.002700,01.009.002700.5
01,01.009,01.009.002800,01.009.002800.1
01,01.009,01.009.002800,01.009.002800.2
01,01.009,01.009.002800,01.009.002800.3
01,01.009,01.009.002800,01.009.002800.4
01,01.009,01.009.002800,01.009.002800.5
01,01.009,01.009.002900,01.009.002900.1
01,01.009,01.009.002900,01.009.002900.2
01,01.009,01.009.002900,01.009.002900.3
01,01.009,01.009.003000,01.009.003000.1
01,01.009,01.009.003100,01.009.003100.1
01,01.009,01.009.003100,01.009.003100.2
01,01.009,01.009.003100,01.009.003100.3
01,01.009,01.009.003200,01.009.003200.1
01,01.009,01.009.003200,01.009.003200.2
01,01.009,01.009.003200,01.009.003200.3
01,01.009,01.009.003200,01.009.003200.4
01,01.009,01.009.003200,01.009.003200.5
01,01.009,01.009.003200,01.009.003200.6
01,01.011,01.011.012600,01.011.012600.1
01,01.011,01.011.012600,01.011.012600.2
01,01.011,01.011.012600,01.011.012600.3
01,01.011,01.011.012600,01.011.012600.4
01,01.011,01.011.012700,01.011.012700.1
01,01.011,01.011.012700,01.011.012700.2
01,01.011,01.011.012700,01.011.012700.3
01,01.011,01.011.012800,01.011.012800.1
01,01.011,01.011.012800,01.011.012800.2
01,01.011,01.011.012800,01.011.012800.3
01,01.011,01.011.012800,01.011.012800.4
01,01.011,01.011.012800,01.011.012800.5
01,01.011,01.011.012800,01.011.012800.6
01,01.011,01.011.012800,01.011.012800.7
01,01.011,01.011.012900,01.011.012900.1
01,01.011,01.011.012900,01.011.012900.2
01,01.011,01.011.012900,01.011.012900.3
01,01.011,01.011.012900,01.011.012900.4
01,01.011,01.011.012900,01.011.012900.5
01,01.011,01.011.012900,01.011.012900.6
01,01.011,01.011.012900,01.011.012900.7
01,01.011,01.011.012900,01.011.012900.8
01,01.011,01.011.013000,01.011.013000.1
01,01.011,01.011.013000,01.011.013000.2
01,01.011,01.011.013000,01.011.013000.3
01,01.011,01.011.013000,01.011.013000.4
01,01.011,01.011.013000,01.011.013000.5
01,01.011,01.011.013000,01.011.013000.6
01,01.011,01.011.013000,01.011.013000.7
01,01.011,01.011.013000,01.011.013000.8
01,01.011,01.011.013100,01.011.013100.1
01,01.011,01.011.013100,01.011.013100.2
01,01.011,01.011.013100,01.011.013100.3
01,01.011,01.011.013100,01.011.013100.4
01,01.011,01.011.013100,01.011.013100.5
01,01.011,01.011.013100,01.011.013100.6
01,01.011,01.011.013100,01.011.013100.7
01,01.011,01.011.013100,01.011.013100.8
01,01.011,01.011.013100,01.011.013100.9
01,01.011,01.011.013200,01.011.013200.1
01,01.011,01.011.013200,01.011.013200.2
01,01.011,01.011.013200,01.011.013200.3
01,01.011,01.011.013200,01.011.013200.4
01,01.011,01.011.013200,01.011.013200.5
01,01.011,01.011.013200,01.011.013200.6
01,01.011,01.011.013300,01.011.013300.1
01,01.011,01.011.013300,01.011.013300.2
01,01.011,01.011.013300,01.011.013300.3
01,01.011,01.011.013300,01.011.013300.4
01,01.011,01.011.013300,01.011.013300.5
01,01.011,01.011.013300,01.011.013300.6
01,01.011,01.011.013300,01.011.013300.7
01,01.011,01.011.013300,01.011.013300.8
01,01.011,01.011.013300,01.011.013300.9
01,01.011,01.011.013400,01.011.013400.1
01,01.011,01.011.013400,01.011.013400.2
01,01.011,01.011.013400,01.011.013400.3
01,01.011,01.011.013400,01.011.013400.4
01,01.011,01.011.013400,01.011.013400.5
01,01.011,01.011.013400,01.011.013400.6
01,01.011,01.011.013400,01.011.013400.7
01,01.011,01.011.013400,01.011.013400.8
01,01.011,01.011.013500,01.011.013500.1
01,01.011,01.011.013500,01.011.013500.2
01,01.011,01.011.013500,01.011.013500.3
01,01.011,01.011.013500,01.011.013500.4
01,01.011,01.011.013500,01.011.013500.5
01,01.011,01.011.013500,01.011.013500.6
01,01.011,01.011.013500,01.011.013500.7
01,01.011,01.011.013500,01.011.013500.8
01,01.011,01.011.013600,01.011.013600.1
01,01.011,01.011.013600,01.011.013600.2
01,01.011,01.011.013600,01.011.013600.3
01,01.011,01.011.013600,01.011.013600.4
01,01.011,01.011.013600,01.011.013600.5
01,01.011,01.011.013600,01.011.013600.6
01,01.011,01.011.013600,01.011.013600.7
01,01.011,01.011.013600,01.011.013600.8
01,01.011,01.011.013600,01.011.013600.9
01,01.011,01.011.013700,01.011.013700.1
01,01.011,01.011.013700,01.011.013700.2
01,01.011,01.011.013700,01.011.013700.3
01,01.011,01.011.013700,01.011.013700.4
01,01.011,01.011.013700,01.011.013700.5
01,01.011,01.011.013700,01.011.013700.6
01,01.011,01.011.013700,01.011.013700.7
01,01.011,01.011.013700,01.011.013700.8
01,01.011,01.011.013800,01.011.013800.1
01,01.011,01.011.013800,01.011.013800.2
01,01.011,01.011.013800,01.011.013800.3
01,01.011,01.011.013800,01.011.013800.4
01,01.011,01.011.013800,01.011.013800.5
01,01.011,01.011.013800,01.011.013800.6
01,01.011,01.011.013800,01.011.013800.7
01,01.011,01.011.013800,01.011.013800.8
01,01.011,01.011.013800,01.011.013800.9
01,01.011,01.011.013900,01.011.013900.1
01,01.011,01.011.013900,01.011.013900.2
01,01.011,01.011.013900,01.011.013900.3
01,01.011,01.011.013900,01.011.013900.4
01,01.011,01.011.013900,01.011.013900.5
01,01.011,01.011.013900,01.011.013900.6
01,01.011,01.011.013900,01.011.013900.7
01,01.011,01.011.013900,01.011.013900.8
01,01.011,01.011.013900,01.011.013900.9
01,01.011,01.011.014000,01.011.014000.1
01,01.011,01.011.014000,01.011.014000.2
01,01.011,01.011.014000,01.011.014000.3
01,01.011,01.011.014100,01.011.014100.1
01,01.011,01.011.014100,01.011.014100.2
01,01.011,01.011.014100,01.011.014100.3
01,01.011,01.011.014100,01.011.014100.4
01,01.011,01.011.014100,01.011.014100.5
01,01.011,01.011.014100,01.011.014100.6
01,01.011,01.011.014100,01.011.014100.7
01,01.011,01.011.014200,01.011.014200.1
01,01.011,01.011.014200,01.011.014200.2
01,01.011,01.011.014200,01.011.014200.3
01,01.011,01.011.014200,01.011.014200.4
01,01.011,01.011.014200,01.011.014200.5
01,01.011,01.011.014200,01.011.014200.6
01,01.011,01.011.014200,01.011.014200.7
01,01.011,01.011.014200,01.011.014200.8
01,01.011,01.011.014300,01.011.014300.1
01,01.011,01.011.014300,01.011.014300.2
01,01.011,01.011.014300,01.011.014300.3
01,01.011,01.011.014300,01.011.014300.4
01,01.011,01.011.014300,01.011.014300.5
01,01.011,01.011.014300,01.011.014300.6
01,01.011,01.011.014400,01.011.014400.1
01,01.011,01.011.014400,01.011.014400.2
01,01.011,01.011.014400,01.011.014400.3
01,01.011,01.011.014500,01.011.014500.1
01,01.011,01.011.014500,01.011.014500.2
01,01.011,01.011.014500,01.011.014500.3
01,01.011,01.011.014500,01.011.014500.4
01,01.011,01.011.014500,01.011.014500.5
01,01.011,01.011.014500,01.011.014500.6
01,01.011,01.011.014500,01.011.014500.7
01,01.011,01.011.014500,01.011.014500.8
01,01.011,01.011.014600,01.011.014600.1
01,01.011,01.011.014600,01.011.014600.2
01,01.011,01.011.014600,01.011.014600.3
01,01.011,01.011.014600,01.011.014600.4
01,01.011,01.011.014600,01.011.014600.5
01,01.011,01.011.014600,01.011.014600.6
01,01.011,01.011.014600,01.011.014600.7
01,01.011,01.011.014600,01.011.014600.8
01,01.011,01.011.014700,01.011.014700.1
01,01.011,01.011.014700,01.011.014700.2
01,01.011,01.011.014700,01.011.014700.3
01,01.011,01.011.014700,01.011.014700.4
01,01.011,01.011.014700,01.011.014700.5
01,01.011,01.011.014800,01.011.014800.1
01,01.011,01.011.014800,01.011.014800.2
01,01.011,01.011.014800,01.011.014800.3
01,01.011,01.011.014800,01.011.014800.4
01,01.011,01.011.014800,01.011.014800.5
01,01.011,01.011.014800,01.011.014800.6
01,01.011,01.011.014800,01.011.014800.7
01,01.011,01.011.014800,01.011.014800.8
01,01.011,01.011.014800,01.011.014800.9
01,01.011,01.011.014900,01.011.014900.1
01,01.011,01.011.014900,01.011.014900.2
01,01.011,01.011.014900,01.011.014900.3
01,01.011,01.011.014900,01.011.014900.4
01,01.011,01.011.014900,01.011.014900.5
01,01.011,01.011.014900,01.011.014900.6
01,01.011,01.011.014900,01.011.014900.7
01,01.011,01.011.014900,01.011.014900.8
01,01.011,01.011.015000,01.011.015000.1
01,01.011,01.011.015000,01.011.015000.2
01,01.011,01.011.015000,01.011.015000.3
01,01.011,01.011.015000,01.011.015000.4
01,01.011,01.011.015000,01.011.015000.5
01,01.011,01.011.015000,01.011.015000.6
01,01.011,01.011.015100,01.011.015100.1
01,01.011,01.011.015100,01.011.015100.2
01,01.011,01.011.015100,01.011.015100.3
01,01.011,01.011.015100,01.011.015100.4
01,01.011,01.011.015100,01.011.015100.5
01,01.011,01.011.015100,01.011.015100.6
01,01.011,01.011.015100,01.011.015100.7
01,01.011,01.011.015200,01.011.015200.1
01,01.011,01.011.015200,01.011.015200.2
01,01.011,01.011.015200,01.011.015200.3
01,01.011,01.011.015300,01.011.015300.1
01,01.011,01.011.015300,01.011.015300.2
01,01.011,01.011.015300,01.011.015300.3
01,01.011,01.011.015300,01.011.015300.4
01,01.011,01.011.015300,01.011.015300.5
01,01.011,01.011.015300,01.011.015300.6
01,01.011,01.011.015400,01.011.015400.1
01,01.011,01.011.015400,01.011.015400.2
01,01.011,01.011.015400,01.011.015400.3
01,01.011,01.011.015400,01.011.015400.4
01,01.011,01.011.015500,01.011.015500.1
01,01.011,01.011.015500,01.011.015500.2
01,01.011,01.011.015500,01.011.015500.3
01,01.011,01.011.015500,01.011.015500.4
01,01.011,01.011.015500,01.011.015500.5
01,01.011,01.011.015500,01.011.015500.6
01,01.011,01.011.015500,01.011.015500.7
01,01.011,01.011.015600,01.011.015600.1
01,01.011,01.011.015600,01.011.015600.2
01,01.011,01.011.015600,01.011.015600.3
01,01.011,01.011.015600,01.011.015600.4
01,01.011,01.011.015600,01.011.015600.5
01,01.011,01.011.015600,01.011.015600.6
01,01.011,01.011.015600,01.011.015600.7
01,01.011,01.011.015700,01.011.015700.1
01,01.011,01.011.015700,01.011.015700.2
01,01.011,01.011.015700,01.011.015700.3
01,01.011,01.011.015700,01.011.015700.4
01,01.011,01.011.015800,01.011.015800.1
01,01.011,01.011.015800,01.011.015800.2
01,01.012,01.012.003000,01.012.003000.2
01,01.012,01.012.015900,01.012.015900.1
01,01.012,01.012.015900,01.012.015900.2
01,01.012,01.012.015900,01.012.015900.3
01,01.012,01.012.016000,01.012.016000.1
01,01.013,01.013.016000,01.013.016000.2
01,01.013,01.013.016000,01.013.016000.3
01,01.013,01.013.016100,01.013.016100.1
01,01.013,01.013.016100,01.013.016100.3
01,01.013,01.013.016200,01.013.016100.2
01,01.013,01.013.016200,01.013.016200.1
01,01.013,01.013.016200,01.013.016200.2
01,01.013,01.013.016200,01.013.016200.3
01,01.013,01.013.016200,01.013.016200.4
01,01.013,01.013.016200,01.013.016200.5
01,01.013,01.013.016200,01.013.016200.6
01,01.013,01.013.016200,01.013.016200.7
01,01.013,01.013.016300,01.013.016300.1
01,01.013,01.013.016300,01.013.016300.2
01,01.013,01.013.016300,01.013.016300.3
01,01.013,01.013.016300,01.013.016300.4
01,01.013,01.013.016300,01.013.016300.5
01,01.013,01.013.016300,01.013.016300.6
01,01.013,01.013.016300,01.013.016300.7
01,01.013,01.013.016300,01.013.016300.8
01,01.013,01.013.016400,01.013.016400.1
01,01.013,01.013.016400,01.013.016400.2
01,01.013,01.013.016400,01.013.016400.3
01,01.013,01.013.016400,01.013.016400.4
01,01.013,01.013.016400,01.013.016400.5
01,01.013,01.013.016400,01.013.016400.6
01,01.013,01.013.016400,01.013.016400.7
01,01.013,01.013.016400,01.013.016400.8
01,01.013,01.013.016500,01.013.016500.1
01,01.013,01.013.016500,01.013.016500.2
01,01.013,01.013.016600,01.013.016600.1
01,01.013,01.013.016600,01.013.016600.2
01,01.013,01.013.016600,01.013.016600.3
01,01.013,01.013.016600,01.013.016600.4
01,01.013,01.013.016600,01.013.016600.5
01,01.013,01.013.016600,01.013.016600.6
01,01.013,01.013.016600,01.013.016600.7
01,01.013,01.013.016700,01.013.016700.1
01,01.013,01.013.016700,01.013.016700.2
01,01.013,01.013.016700,01.013.016700.3
01,01.013,01.013.016700,01.013.016700.4
01,01.013,01.013.016700,01.013.016700.5
01,01.013,01.013.016700,01.013.016700.6
01,01.013,01.013.016700,01.013.016700.7
01,01.013,01.013.016800,01.013.016800.1
01,01.013,01.013.016800,01.013.016800.2
01,01.013,01.013.016800,01.013.016800.3
01,01.014,01.014.017200,01.014.017200.1
01,01.014,01.014.017200,01.014.017200.2
01,01.014,01.014.017200,01.014.017200.3
01,01.014,01.014.017200,01.014.017200.4
01,01.014,01.014.017200,01.014.017200.5
01,01.014,01.014.017200,01.014.017200.7
01,01.014,01.014.017300,01.014.017300.1
01,01.014,01.014.017300,01.014.017300.2
01,01.014,01.014.017300,01.014.017300.3
01,01.014,01.014.017300,01.014.017300.4
01,01.014,01.014.017300,01.014.017300.5
01,01.014,01.014.017300,01.014.017300.6
01,01.014,01.014.017300,01.014.017300.7
01,01.014,01.014.017500,01.014.017500.1
01,01.014,01.014.017600,01.014.017600.1
01,01.014,01.014.017600,01.014.017600.2
01,01.014,01.014.017600,01.014.017600.3
01,01.014,01.014.017600,01.014.017600.4
01,01.014,01.014.017600,01.014.017600.5
01,01.014,01.014.017700,01.014.017700.1
01,01.014,01.014.017700,01.014.017700.2
01,01.014,01.014.017700,01.014.017700.3
01,01.014,01.014.017700,01.014.017700.4
01,01.014,01.014.017700,01.014.017700.5
01,01.014,01.014.017700,01.014.017700.6
01,01.014,01.014.017700,01.014.017700.7
01,01.014,01.014.017700,01.014.017700.8
01,01.014,01.014.017800,01.014.017800.1
01,01.014,01.014.017800,01.014.017800.2
01,01.014,01.014.017800,01.014.017800.3
01,01.014,01.014.017800,01.014.017800.4
01,01.014,01.014.017800,01.014.017800.5
01,01.014,01.014.017900,01.014.017900.1
01,01.014,01.014.017900,01.014.017900.2
01,01.014,01.014.018000,01.014.018000.1
01,01.014,01.014.018000,01.014.018000.2
01,01.014,01.014.018000,01.014.018000.3
01,01.014,01.014.018000,01.014.018000.4
01,01.014,01.014.018100,01.014.018100.1
01,01.014,01.014.018100,01.014.018100.2
01,01.014,01.014.018100,01.014.018100.3
01,01.014,01.014.018100,01.014.018100.4
01,01.014,01.014.018100,01.014.018100.5
01,01.014,01.014.018100,01.014.018100.6
01,01.014,01.014.018200,01.014.018200.1
01,01.014,01.014.018200,01.014.018200.2
01,01.014,01.014.018200,01.014.018200.3
01,01.014,01.014.018200,01.014.018200.4
01,01.014,01.014.018200,01.014.018200.5
01,01.014,01.014.018200,01.014.018200.6
01,01.014,01.014.018200,01.014.018200.7
01,01.014,01.014.018300,01.014.018300.1
01,01.014,01.014.018300,01.014.018300.2
01,01.014,01.014.018300,01.014.018300.3
01,01.014,01.014.018300,01.014.018300.4
01,01.014,01.014.018300,01.014.018300.5
01,01.014,01.014.018300,01.014.018300.6
01,01.014,01.014.018300,01.014.018300.7
01,01.014,01.014.018400,01.014.018400.1
01,01.014,01.014.018400,01.014.018400.2
01,01.014,01.014.018400,01.014.018400.3
01,01.014,01.014.018400,01.014.018400.4
01,01.014,01.014.018400,01.014.018400.5
01,01.014,01.014.018400,01.014.018400.6
01,01.014,01.014.018400,01.014.018400.7
01,01.014,01.014.018400,01.014.018400.8
01,01.014,01.014.018400,01.014.018400.9
01,01.014,01.014.018500,01.014.018500.1
01,01.014,01.014.018500,01.014.018500.2
01,01.014,01.014.018500,01.014.018500.3
01,01.014,01.014.018500,01.014.018500.4
01,01.014,01.014.018500,01.014.018500.5
01,01.014,01.014.018500,01.014.018500.6
01,01.014,01.014.018500,01.014.018500.7
01,01.014,01.014.018500,01.014.018500.8
01,01.014,01.014.018600,01.014.018600.1
01,01.014,01.014.018600,01.014.018600.2
01,01.014,01.014.018600,01.014.018600.3
01,01.014,01.014.018600,01.014.018600.4
01,01.014,01.014.018600,01.014.018600.5
01,01.014,01.014.018600,01.014.018600.6
01,01.014,01.014.018700,01.014.018700.1
01,01.014,01.014.018700,01.014.018700.2
01,01.014,01.014.018800,01.014.018800.1
01,01.014,01.014.018800,01.014.018800.2
01,01.015,01.015.016200,01.015.016200.2
01,01.015,01.015.016200,01.015.016200.3
01,01.015,01.015.016200,01.015.016200.4
01,01.015,01.015.016900,01.015.016900.1
01,01.015,01.015.016900,01.015.016900.2
01,01.015,01.015.016900,01.015.016900.3
01,01.016,01.016.017000,01.016.017000.1
01,01.016,01.016.017000,01.016.017000.2
01,01.016,01.016.017100,01.016.017100.1
01,01.017,01.017.018900,01.017.018900.1
01,01.017,01.017.019000,01.017.019000.1
01,01.017,01.017.019000,01.017.019000.2
01,01.018,01.018.019100,01.018.019100.1
01,01.018,01.018.019100,01.018.019100.2
01,01.018,01.018.019100,01.018.019100.3
01,01.018,01.018.019100,01.018.019100.4
01,01.018,01.018.019100,01.018.019100.5
01,01.018,01.018.019200,01.018.019200.1
01,01.018,01.018.019200,01.018.019200.2
01,01.018,01.018.019200,01.018.019200.3
01,01.018,01.018.019300,01.018.019300.1
01,01.018,01.018.019300,01.018.019300.2
01,01.018,01.018.019300,01.018.019300.3
01,01.018,01.018.019400,01.018.019400.1
01,01.018,01.018.019400,01.018.019400.2
01,01.018,01.018.019400,01.018.019400.3
01,01.018,01.018.019500,01.018.019500.1
01,01.018,01.018.019500,01.018.019500.2
01,01.018,01.018.019500,01.018.019500.3
