<?xml version="1.0"?>
<!--<!DOCTYPE metadata SYSTEM "http://www.esri.com/metadata/esriprof80.dtd">-->
<metadata xml:lang="en"><Esri><CreaDate>20060509</CreaDate><CreaTime>09150700</CreaTime><SyncOnce>TRUE</SyncOnce><MetaID>{66184ECC-8B3C-42F2-B96B-C8F5A5980CA1}</MetaID></Esri><idinfo><citation><citeinfo><onlink Sync="TRUE">\\fh-gis1.sm.med.ic.ac.uk\data1\Projects\CDC\Sahsuland\RIF ShapeFiles\Sahsuland_Level3</onlink></citeinfo></citation></idinfo><distInfo><distributor><distorTran><onLineSrc><linkage Sync="TRUE">file://\\fh-gis1.sm.med.ic.ac.uk\data1\Projects\CDC\Sahsuland\RIF ShapeFiles\Sahsuland_Level3</linkage><protocol Sync="TRUE">Local Area Network</protocol></onLineSrc></distorTran></distributor></distInfo><dataqual><lineage><procstep><procdesc Sync="TRUE">Dataset copied.</procdesc><srcused Sync="TRUE">O:\Projects\CDC\Sahsuland\GIS_data\Boundary_files\Sahsuland_Level3</srcused><date Sync="TRUE">20060509</date><time Sync="TRUE">09150700</time></procstep></lineage></dataqual></metadata>
