data_set_id,year,sahsu_grd_level1_total,sahsu_grd_level1_percent,sahsu_grd_level2_total,sahsu_grd_level2_percent,sahsu_grd_level3_total,sahsu_grd_level3_percent,sahsu_grd_level4_total,sahsu_grd_level4_percent,icd_total,icd_percent,total_total,total_percent,age_sex_group_total,age_sex_group_percent,total_rows
222,1989,0,0,0,0,0,0,0,0,0,0,0,0,0,0,8153
222,1990,0,0,0,0,0,0,0,0,0,0,0,0,0,0,8300
222,1991,0,0,0,0,0,0,0,0,0,0,0,0,0,0,8399
222,1992,0,0,0,0,0,0,0,0,0,0,0,0,0,0,9027
222,1993,0,0,0,0,0,0,0,0,0,0,0,0,0,0,9111
222,1994,0,0,0,0,0,0,0,0,0,0,0,0,0,0,9041
222,1995,0,0,0,0,0,0,0,0,0,0,0,0,0,0,9096
222,1996,0,0,0,0,0,0,0,0,0,0,0,0,0,0,8762
