username,study_id,area_id,band_id
pch,15,01.001.000100.1,1
pch,15,01.001.000100.2,2
pch,15,01.001.000200.1,3
pch,15,01.001.000300.1,4
pch,15,01.002.000300.1,5
pch,15,01.002.000300.2,6
pch,15,01.002.000300.3,7
pch,15,01.002.000300.4,8
pch,15,01.002.000300.5,9
pch,15,01.002.000400.1,10
pch,15,01.002.000400.2,11
pch,15,01.002.000400.3,12
pch,15,01.002.000400.4,13
pch,15,01.002.000400.5,14
pch,15,01.002.000400.6,15
pch,15,01.002.000400.7,16
pch,15,01.002.000400.8,17
pch,15,01.002.000400.9,18
pch,15,01.002.000500.1,19
pch,15,01.002.000500.2,20
pch,15,01.002.000500.3,21
pch,15,01.002.000500.4,22
pch,15,01.002.000500.5,23
pch,15,01.002.000500.6,24
pch,15,01.002.000500.7,25
pch,15,01.002.000500.8,26
pch,15,01.002.000500.9,27
pch,15,01.002.000600.1,28
pch,15,01.002.000600.2,29
pch,15,01.002.000600.3,30
pch,15,01.002.000600.4,31
pch,15,01.002.000600.5,32
pch,15,01.002.000600.6,33
pch,15,01.002.000600.7,34
pch,15,01.002.000600.8,35
pch,15,01.002.000600.9,36
pch,15,01.002.000700.1,37
pch,15,01.002.000700.2,38
pch,15,01.002.000700.3,39
pch,15,01.002.000700.4,40
pch,15,01.002.000700.5,41
pch,15,01.002.000700.6,42
pch,15,01.002.000700.7,43
pch,15,01.002.000800.1,44
pch,15,01.002.000800.2,45
pch,15,01.002.000800.3,46
pch,15,01.002.000800.4,47
pch,15,01.002.000800.5,48
pch,15,01.002.000800.6,49
pch,15,01.002.000800.7,50
pch,15,01.002.000900.1,51
pch,15,01.002.000900.2,52
pch,15,01.002.000900.3,53
pch,15,01.002.000900.4,54
pch,15,01.002.000900.5,55
pch,15,01.002.000900.6,56
pch,15,01.002.000900.7,57
pch,15,01.002.000900.8,58
pch,15,01.002.000900.9,59
pch,15,01.002.001000.1,60
pch,15,01.002.001000.2,61
pch,15,01.002.001000.3,62
pch,15,01.002.001000.4,63
pch,15,01.002.001000.5,64
pch,15,01.002.001000.6,65
pch,15,01.002.001000.7,66
pch,15,01.002.001100.1,67
pch,15,01.002.001100.2,68
pch,15,01.002.001100.3,69
pch,15,01.002.001100.4,70
pch,15,01.002.001100.5,71
pch,15,01.002.001100.6,72
pch,15,01.002.001100.7,73
pch,15,01.002.001200.1,74
pch,15,01.002.001200.2,75
pch,15,01.002.001200.3,76
pch,15,01.002.001200.4,77
pch,15,01.002.001200.5,78
pch,15,01.002.001200.6,79
pch,15,01.002.001200.7,80
pch,15,01.002.001300.1,81
pch,15,01.002.001300.2,82
pch,15,01.002.001300.3,83
pch,15,01.002.001300.4,84
pch,15,01.002.001300.5,85
pch,15,01.002.001300.6,86
pch,15,01.002.001300.7,87
pch,15,01.002.001300.8,88
pch,15,01.002.001300.9,89
pch,15,01.002.001400.1,90
pch,15,01.002.001400.2,91
pch,15,01.002.001400.3,92
pch,15,01.002.001400.4,93
pch,15,01.002.001400.5,94
pch,15,01.002.001400.6,95
pch,15,01.002.001400.7,96
pch,15,01.002.001400.8,97
pch,15,01.002.001400.9,98
pch,15,01.002.001500.1,99
pch,15,01.002.001500.2,100
pch,15,01.002.001500.3,101
pch,15,01.002.001500.4,102
pch,15,01.002.001500.5,103
pch,15,01.002.001500.6,104
pch,15,01.002.001500.7,105
pch,15,01.002.001500.8,106
pch,15,01.002.001600.1,107
pch,15,01.002.001600.2,108
pch,15,01.002.001600.3,109
pch,15,01.002.001600.4,110
pch,15,01.002.001600.5,111
pch,15,01.002.001600.6,112
pch,15,01.002.001600.7,113
pch,15,01.002.001600.8,114
pch,15,01.002.001700.1,115
pch,15,01.002.001700.2,116
pch,15,01.002.001700.3,117
pch,15,01.002.001700.4,118
pch,15,01.002.001700.5,119
pch,15,01.002.001700.6,120
pch,15,01.002.001700.7,121
pch,15,01.002.001700.8,122
pch,15,01.002.001700.9,123
pch,15,01.002.001800.1,124
pch,15,01.002.001800.2,125
pch,15,01.002.001800.3,126
pch,15,01.002.001800.4,127
pch,15,01.002.001800.5,128
pch,15,01.002.001800.6,129
pch,15,01.002.001800.7,130
pch,15,01.002.001800.8,131
pch,15,01.002.001900.1,132
pch,15,01.002.001900.2,133
pch,15,01.002.001900.3,134
pch,15,01.002.001900.4,135
pch,15,01.002.001900.5,136
pch,15,01.002.001900.6,137
pch,15,01.002.001900.7,138
pch,15,01.002.001900.8,139
pch,15,01.002.002000.1,140
pch,15,01.002.002000.2,141
pch,15,01.002.002000.3,142
pch,15,01.002.002000.4,143
pch,15,01.002.002000.5,144
pch,15,01.002.002100.1,145
pch,15,01.002.002100.2,146
pch,15,01.002.002100.3,147
pch,15,01.002.002100.4,148
pch,15,01.002.002100.5,149
pch,15,01.002.002100.6,150
pch,15,01.002.002100.7,151
pch,15,01.002.002100.8,152
pch,15,01.002.002200.1,153
pch,15,01.002.002200.2,154
pch,15,01.002.002200.3,155
pch,15,01.002.002200.4,156
pch,15,01.002.002200.5,157
pch,15,01.002.002200.6,158
pch,15,01.002.002300.1,159
pch,15,01.002.002300.2,160
pch,15,01.002.002300.3,161
pch,15,01.002.002300.4,162
pch,15,01.002.002300.5,163
pch,15,01.002.002300.6,164
pch,15,01.002.002300.7,165
pch,15,01.002.002300.8,166
pch,15,01.003.003300.1,167
pch,15,01.003.003400.1,168
pch,15,01.003.003400.2,169
pch,15,01.003.003400.3,170
pch,15,01.003.003400.4,171
pch,15,01.003.003400.5,172
pch,15,01.003.003400.6,173
pch,15,01.004.011100.1,174
pch,15,01.004.011100.2,175
pch,15,01.004.011100.3,176
pch,15,01.004.011100.4,177
pch,15,01.004.011100.5,178
pch,15,01.004.011200.1,179
pch,15,01.004.011200.2,180
pch,15,01.004.011200.3,181
pch,15,01.004.011200.4,182
pch,15,01.004.011200.5,183
pch,15,01.004.011200.6,184
pch,15,01.004.011300.1,185
pch,15,01.004.011300.2,186
pch,15,01.004.011300.3,187
pch,15,01.004.011300.4,188
pch,15,01.004.011300.5,189
pch,15,01.004.011400.1,190
pch,15,01.004.011400.2,191
pch,15,01.004.011400.3,192
pch,15,01.004.011400.4,193
pch,15,01.004.011400.5,194
pch,15,01.004.011400.6,195
pch,15,01.004.011400.7,196
pch,15,01.004.011400.8,197
pch,15,01.004.011400.9,198
pch,15,01.004.011500.1,199
pch,15,01.004.011500.2,200
pch,15,01.004.011500.3,201
pch,15,01.004.011500.4,202
pch,15,01.004.011500.5,203
pch,15,01.004.011500.6,204
pch,15,01.004.011500.7,205
pch,15,01.004.011500.8,206
pch,15,01.004.011500.9,207
pch,15,01.004.011600.1,208
pch,15,01.004.011600.2,209
pch,15,01.004.011600.3,210
pch,15,01.004.011600.4,211
pch,15,01.004.011600.5,212
pch,15,01.004.011600.6,213
pch,15,01.004.011600.7,214
pch,15,01.004.011600.8,215
pch,15,01.004.011600.9,216
pch,15,01.004.011700.1,217
pch,15,01.004.011700.2,218
pch,15,01.004.011700.3,219
pch,15,01.004.011700.4,220
pch,15,01.004.011700.5,221
pch,15,01.004.011700.6,222
pch,15,01.004.011700.7,223
pch,15,01.004.011700.8,224
pch,15,01.004.011700.9,225
pch,15,01.004.011800.1,226
pch,15,01.004.011800.2,227
pch,15,01.004.011900.1,228
pch,15,01.004.011900.2,229
pch,15,01.004.011900.3,230
pch,15,01.005.002400.1,231
pch,15,01.005.002400.2,232
pch,15,01.006.002500.1,233
pch,15,01.006.002500.2,234
pch,15,01.006.002500.3,235
pch,15,01.006.002600.1,236
pch,15,01.006.002600.2,237
pch,15,01.006.002700.1,238
pch,15,01.007.012000.1,239
pch,15,01.007.012000.2,240
pch,15,01.007.012000.3,241
pch,15,01.007.012100.1,242
pch,15,01.007.012100.2,243
pch,15,01.007.012100.3,244
pch,15,01.007.012100.4,245
pch,15,01.007.012100.5,246
pch,15,01.007.012100.6,247
pch,15,01.007.012200.1,248
pch,15,01.007.012200.2,249
pch,15,01.007.012200.3,250
pch,15,01.007.012200.4,251
pch,15,01.007.012200.5,252
pch,15,01.007.012200.6,253
pch,15,01.007.012200.7,254
pch,15,01.007.012300.1,255
pch,15,01.007.012300.2,256
pch,15,01.007.012400.1,257
pch,15,01.007.012400.2,258
pch,15,01.007.012400.3,259
pch,15,01.007.012500.1,260
pch,15,01.008.001000.1,261
pch,15,01.008.001000.2,262
pch,15,01.008.001000.3,263
pch,15,01.008.001000.4,264
pch,15,01.008.001000.5,265
pch,15,01.008.001000.6,266
pch,15,01.008.001000.7,267
pch,15,01.008.001000.8,268
pch,15,01.008.001000.9,269
pch,15,01.008.002900.1,270
pch,15,01.008.002900.2,271
pch,15,01.008.002900.3,272
pch,15,01.008.002900.4,273
pch,15,01.008.002900.5,274
pch,15,01.008.002900.6,275
pch,15,01.008.002900.7,276
pch,15,01.008.003500.1,277
pch,15,01.008.003500.2,278
pch,15,01.008.003500.3,279
pch,15,01.008.003500.4,280
pch,15,01.008.003600.1,281
pch,15,01.008.003600.2,282
pch,15,01.008.003600.3,283
pch,15,01.008.003600.4,284
pch,15,01.008.003700.1,285
pch,15,01.008.003700.2,286
pch,15,01.008.003700.3,287
pch,15,01.008.003700.4,288
pch,15,01.008.003700.5,289
pch,15,01.008.003700.6,290
pch,15,01.008.003700.7,291
pch,15,01.008.003700.8,292
pch,15,01.008.003700.9,293
pch,15,01.008.003800.1,294
pch,15,01.008.003800.2,295
pch,15,01.008.003800.3,296
pch,15,01.008.003800.4,297
pch,15,01.008.003800.5,298
pch,15,01.008.003800.6,299
pch,15,01.008.003800.7,300
pch,15,01.008.003800.8,301
pch,15,01.008.003900.1,302
pch,15,01.008.003900.2,303
pch,15,01.008.003900.3,304
pch,15,01.008.003900.4,305
pch,15,01.008.003900.5,306
pch,15,01.008.003900.6,307
pch,15,01.008.003900.7,308
pch,15,01.008.003900.8,309
pch,15,01.008.004000.1,310
pch,15,01.008.004000.2,311
pch,15,01.008.004000.3,312
pch,15,01.008.004000.4,313
pch,15,01.008.004000.5,314
pch,15,01.008.004000.6,315
pch,15,01.008.004000.7,316
pch,15,01.008.004100.1,317
pch,15,01.008.004100.2,318
pch,15,01.008.004100.3,319
pch,15,01.008.004100.4,320
pch,15,01.008.004100.5,321
pch,15,01.008.004100.6,322
pch,15,01.008.004100.7,323
pch,15,01.008.004100.8,324
pch,15,01.008.004200.1,325
pch,15,01.008.004200.2,326
pch,15,01.008.004200.3,327
pch,15,01.008.004200.4,328
pch,15,01.008.004200.5,329
pch,15,01.008.004200.6,330
pch,15,01.008.004300.1,331
pch,15,01.008.004300.2,332
pch,15,01.008.004300.3,333
pch,15,01.008.004300.4,334
pch,15,01.008.004300.5,335
pch,15,01.008.004300.6,336
pch,15,01.008.004300.7,337
pch,15,01.008.004300.8,338
pch,15,01.008.004400.1,339
pch,15,01.008.004400.2,340
pch,15,01.008.004400.3,341
pch,15,01.008.004400.4,342
pch,15,01.008.004400.5,343
pch,15,01.008.004400.6,344
pch,15,01.008.004400.7,345
pch,15,01.008.004400.8,346
pch,15,01.008.004500.1,347
pch,15,01.008.004500.2,348
pch,15,01.008.004500.3,349
pch,15,01.008.004500.4,350
pch,15,01.008.004500.5,351
pch,15,01.008.004500.6,352
pch,15,01.008.004500.7,353
pch,15,01.008.004600.1,354
pch,15,01.008.004600.2,355
pch,15,01.008.004600.3,356
pch,15,01.008.004600.4,357
pch,15,01.008.004600.5,358
pch,15,01.008.004600.6,359
pch,15,01.008.004600.7,360
pch,15,01.008.004600.8,361
pch,15,01.008.004700.1,362
pch,15,01.008.004700.2,363
pch,15,01.008.004700.3,364
pch,15,01.008.004700.4,365
pch,15,01.008.004700.5,366
pch,15,01.008.004700.6,367
pch,15,01.008.004700.7,368
pch,15,01.008.004700.8,369
pch,15,01.008.004700.9,370
pch,15,01.008.004800.1,371
pch,15,01.008.004800.2,372
pch,15,01.008.004800.3,373
pch,15,01.008.004800.4,374
pch,15,01.008.004800.5,375
pch,15,01.008.004800.6,376
pch,15,01.008.004800.7,377
pch,15,01.008.004800.8,378
pch,15,01.008.004800.9,379
pch,15,01.008.004900.1,380
pch,15,01.008.004900.2,381
pch,15,01.008.004900.3,382
pch,15,01.008.004900.4,383
pch,15,01.008.004900.5,384
pch,15,01.008.004900.6,385
pch,15,01.008.005000.1,386
pch,15,01.008.005000.2,387
pch,15,01.008.005000.3,388
pch,15,01.008.005000.4,389
pch,15,01.008.005000.5,390
pch,15,01.008.005000.6,391
pch,15,01.008.005000.7,392
pch,15,01.008.005000.8,393
pch,15,01.008.005100.1,394
pch,15,01.008.005100.2,395
pch,15,01.008.005100.3,396
pch,15,01.008.005100.4,397
pch,15,01.008.005100.5,398
pch,15,01.008.005100.6,399
pch,15,01.008.005200.1,400
pch,15,01.008.005200.2,401
pch,15,01.008.005200.3,402
pch,15,01.008.005200.4,403
pch,15,01.008.005200.5,404
pch,15,01.008.005200.6,405
pch,15,01.008.005200.7,406
pch,15,01.008.005300.1,407
pch,15,01.008.005300.2,408
pch,15,01.008.005300.3,409
pch,15,01.008.005300.4,410
pch,15,01.008.005300.5,411
pch,15,01.008.005300.6,412
pch,15,01.008.005300.7,413
pch,15,01.008.005300.8,414
pch,15,01.008.005400.1,415
pch,15,01.008.005400.2,416
pch,15,01.008.005400.3,417
pch,15,01.008.005400.4,418
pch,15,01.008.005400.5,419
pch,15,01.008.005500.1,420
pch,15,01.008.005500.2,421
pch,15,01.008.005500.3,422
pch,15,01.008.005500.4,423
pch,15,01.008.005500.5,424
pch,15,01.008.005500.6,425
pch,15,01.008.005500.7,426
pch,15,01.008.005600.1,427
pch,15,01.008.005600.2,428
pch,15,01.008.005600.3,429
pch,15,01.008.005600.4,430
pch,15,01.008.005600.5,431
pch,15,01.008.005600.6,432
pch,15,01.008.005700.1,433
pch,15,01.008.005700.2,434
pch,15,01.008.005700.3,435
pch,15,01.008.005700.4,436
pch,15,01.008.005700.5,437
pch,15,01.008.005700.6,438
pch,15,01.008.005700.7,439
pch,15,01.008.005800.1,440
pch,15,01.008.005800.2,441
pch,15,01.008.005800.3,442
pch,15,01.008.005800.4,443
pch,15,01.008.005800.5,444
pch,15,01.008.005800.6,445
pch,15,01.008.005900.1,446
pch,15,01.008.005900.2,447
pch,15,01.008.005900.3,448
pch,15,01.008.005900.4,449
pch,15,01.008.005900.5,450
pch,15,01.008.005900.6,451
pch,15,01.008.005900.7,452
pch,15,01.008.005900.8,453
pch,15,01.008.006000.1,454
pch,15,01.008.006000.2,455
pch,15,01.008.006000.3,456
pch,15,01.008.006000.4,457
pch,15,01.008.006000.5,458
pch,15,01.008.006000.6,459
pch,15,01.008.006000.7,460
pch,15,01.008.006100.1,461
pch,15,01.008.006100.2,462
pch,15,01.008.006100.3,463
pch,15,01.008.006100.4,464
pch,15,01.008.006100.5,465
pch,15,01.008.006100.6,466
pch,15,01.008.006100.7,467
pch,15,01.008.006100.8,468
pch,15,01.008.006200.1,469
pch,15,01.008.006200.2,470
pch,15,01.008.006200.3,471
pch,15,01.008.006200.4,472
pch,15,01.008.006200.5,473
pch,15,01.008.006200.6,474
pch,15,01.008.006300.1,475
pch,15,01.008.006300.2,476
pch,15,01.008.006300.3,477
pch,15,01.008.006300.4,478
pch,15,01.008.006300.5,479
pch,15,01.008.006300.6,480
pch,15,01.008.006300.7,481
pch,15,01.008.006400.1,482
pch,15,01.008.006400.2,483
pch,15,01.008.006400.3,484
pch,15,01.008.006400.4,485
pch,15,01.008.006400.5,486
pch,15,01.008.006400.6,487
pch,15,01.008.006400.7,488
pch,15,01.008.006500.1,489
pch,15,01.008.006500.2,490
pch,15,01.008.006500.3,491
pch,15,01.008.006500.4,492
pch,15,01.008.006500.5,493
pch,15,01.008.006500.6,494
pch,15,01.008.006500.7,495
pch,15,01.008.006600.1,496
pch,15,01.008.006600.2,497
pch,15,01.008.006600.3,498
pch,15,01.008.006600.4,499
pch,15,01.008.006600.5,500
pch,15,01.008.006600.6,501
pch,15,01.008.006600.7,502
pch,15,01.008.006600.8,503
pch,15,01.008.006700.1,504
pch,15,01.008.006700.2,505
pch,15,01.008.006700.3,506
pch,15,01.008.006700.4,507
pch,15,01.008.006700.5,508
pch,15,01.008.006700.6,509
pch,15,01.008.006800.1,510
pch,15,01.008.006800.2,511
pch,15,01.008.006800.3,512
pch,15,01.008.006800.4,513
pch,15,01.008.006800.5,514
pch,15,01.008.006800.6,515
pch,15,01.008.006900.1,516
pch,15,01.008.006900.2,517
pch,15,01.008.006900.3,518
pch,15,01.008.006900.4,519
pch,15,01.008.006900.5,520
pch,15,01.008.006900.6,521
pch,15,01.008.007000.1,522
pch,15,01.008.007000.2,523
pch,15,01.008.007000.3,524
pch,15,01.008.007000.4,525
pch,15,01.008.007000.5,526
pch,15,01.008.007000.6,527
pch,15,01.008.007000.7,528
pch,15,01.008.007100.1,529
pch,15,01.008.007100.2,530
pch,15,01.008.007100.3,531
pch,15,01.008.007100.4,532
pch,15,01.008.007100.5,533
pch,15,01.008.007100.6,534
pch,15,01.008.007100.7,535
pch,15,01.008.007200.1,536
pch,15,01.008.007200.2,537
pch,15,01.008.007200.3,538
pch,15,01.008.007200.4,539
pch,15,01.008.007200.5,540
pch,15,01.008.007200.6,541
pch,15,01.008.007300.1,542
pch,15,01.008.007300.2,543
pch,15,01.008.007300.3,544
pch,15,01.008.007300.4,545
pch,15,01.008.007300.5,546
pch,15,01.008.007300.6,547
pch,15,01.008.007300.7,548
pch,15,01.008.007400.1,549
pch,15,01.008.007400.2,550
pch,15,01.008.007400.3,551
pch,15,01.008.007400.4,552
pch,15,01.008.007400.5,553
pch,15,01.008.007400.6,554
pch,15,01.008.007400.7,555
pch,15,01.008.007400.8,556
pch,15,01.008.007500.1,557
pch,15,01.008.007500.2,558
pch,15,01.008.007500.3,559
pch,15,01.008.007500.4,560
pch,15,01.008.007500.5,561
pch,15,01.008.007500.6,562
pch,15,01.008.007500.7,563
pch,15,01.008.007500.8,564
pch,15,01.008.007600.1,565
pch,15,01.008.007600.2,566
pch,15,01.008.007600.3,567
pch,15,01.008.007600.4,568
pch,15,01.008.007600.5,569
pch,15,01.008.007600.6,570
pch,15,01.008.007600.7,571
pch,15,01.008.007600.8,572
pch,15,01.008.007700.1,573
pch,15,01.008.007700.2,574
pch,15,01.008.007700.3,575
pch,15,01.008.007700.4,576
pch,15,01.008.007700.5,577
pch,15,01.008.007700.6,578
pch,15,01.008.007700.7,579
pch,15,01.008.007800.1,580
pch,15,01.008.007800.2,581
pch,15,01.008.007800.3,582
pch,15,01.008.007800.4,583
pch,15,01.008.007800.5,584
pch,15,01.008.007800.6,585
pch,15,01.008.007800.7,586
pch,15,01.008.007800.8,587
pch,15,01.008.007900.1,588
pch,15,01.008.007900.2,589
pch,15,01.008.007900.3,590
pch,15,01.008.007900.4,591
pch,15,01.008.008000.1,592
pch,15,01.008.008000.2,593
pch,15,01.008.008000.3,594
pch,15,01.008.008000.4,595
pch,15,01.008.008000.5,596
pch,15,01.008.008000.6,597
pch,15,01.008.008000.7,598
pch,15,01.008.008100.1,599
pch,15,01.008.008100.2,600
pch,15,01.008.008100.3,601
pch,15,01.008.008100.4,602
pch,15,01.008.008100.5,603
pch,15,01.008.008100.6,604
pch,15,01.008.008100.7,605
pch,15,01.008.008200.1,606
pch,15,01.008.008200.2,607
pch,15,01.008.008200.3,608
pch,15,01.008.008200.4,609
pch,15,01.008.008200.5,610
pch,15,01.008.008200.6,611
pch,15,01.008.008200.7,612
pch,15,01.008.008300.1,613
pch,15,01.008.008300.2,614
pch,15,01.008.008300.3,615
pch,15,01.008.008300.4,616
pch,15,01.008.008300.5,617
pch,15,01.008.008300.6,618
pch,15,01.008.008300.7,619
pch,15,01.008.008300.8,620
pch,15,01.008.008400.1,621
pch,15,01.008.008400.2,622
pch,15,01.008.008400.3,623
pch,15,01.008.008400.4,624
pch,15,01.008.008400.5,625
pch,15,01.008.008400.6,626
pch,15,01.008.008400.7,627
pch,15,01.008.008500.1,628
pch,15,01.008.008500.2,629
pch,15,01.008.008500.3,630
pch,15,01.008.008500.4,631
pch,15,01.008.008500.5,632
pch,15,01.008.008500.6,633
pch,15,01.008.008500.7,634
pch,15,01.008.008500.8,635
pch,15,01.008.008600.1,636
pch,15,01.008.008600.2,637
pch,15,01.008.008600.3,638
pch,15,01.008.008600.4,639
pch,15,01.008.008600.5,640
pch,15,01.008.008600.6,641
pch,15,01.008.008700.1,642
pch,15,01.008.008700.2,643
pch,15,01.008.008700.3,644
pch,15,01.008.008700.4,645
pch,15,01.008.008700.5,646
pch,15,01.008.008700.6,647
pch,15,01.008.008700.7,648
pch,15,01.008.008700.8,649
pch,15,01.008.008800.1,650
pch,15,01.008.008800.2,651
pch,15,01.008.008800.3,652
pch,15,01.008.008800.4,653
pch,15,01.008.008800.5,654
pch,15,01.008.008800.6,655
pch,15,01.008.008900.1,656
pch,15,01.008.008900.2,657
pch,15,01.008.008900.3,658
pch,15,01.008.008900.4,659
pch,15,01.008.008900.5,660
pch,15,01.008.008900.6,661
pch,15,01.008.008900.7,662
pch,15,01.008.009000.1,663
pch,15,01.008.009000.2,664
pch,15,01.008.009000.3,665
pch,15,01.008.009000.4,666
pch,15,01.008.009000.5,667
pch,15,01.008.009000.6,668
pch,15,01.008.009000.7,669
pch,15,01.008.009000.8,670
pch,15,01.008.009100.1,671
pch,15,01.008.009100.2,672
pch,15,01.008.009100.3,673
pch,15,01.008.009100.4,674
pch,15,01.008.009100.5,675
pch,15,01.008.009100.6,676
pch,15,01.008.009100.7,677
pch,15,01.008.009200.1,678
pch,15,01.008.009200.2,679
pch,15,01.008.009200.3,680
pch,15,01.008.009200.4,681
pch,15,01.008.009200.5,682
pch,15,01.008.009200.6,683
pch,15,01.008.009200.7,684
pch,15,01.008.009200.8,685
pch,15,01.008.009300.1,686
pch,15,01.008.009300.2,687
pch,15,01.008.009300.3,688
pch,15,01.008.009300.4,689
pch,15,01.008.009300.5,690
pch,15,01.008.009300.6,691
pch,15,01.008.009300.7,692
pch,15,01.008.009300.8,693
pch,15,01.008.009400.1,694
pch,15,01.008.009400.2,695
pch,15,01.008.009400.3,696
pch,15,01.008.009400.4,697
pch,15,01.008.009400.5,698
pch,15,01.008.009400.6,699
pch,15,01.008.009400.7,700
pch,15,01.008.009400.8,701
pch,15,01.008.009400.9,702
pch,15,01.008.009500.1,703
pch,15,01.008.009500.2,704
pch,15,01.008.009500.3,705
pch,15,01.008.009500.4,706
pch,15,01.008.009500.5,707
pch,15,01.008.009500.6,708
pch,15,01.008.009500.7,709
pch,15,01.008.009500.8,710
pch,15,01.008.009500.9,711
pch,15,01.008.009600.1,712
pch,15,01.008.009600.2,713
pch,15,01.008.009600.3,714
pch,15,01.008.009600.4,715
pch,15,01.008.009600.5,716
pch,15,01.008.009600.6,717
pch,15,01.008.009600.7,718
pch,15,01.008.009600.8,719
pch,15,01.008.009600.9,720
pch,15,01.008.009700.1,721
pch,15,01.008.009700.2,722
pch,15,01.008.009700.3,723
pch,15,01.008.009700.4,724
pch,15,01.008.009700.5,725
pch,15,01.008.009700.6,726
pch,15,01.008.009700.7,727
pch,15,01.008.009700.8,728
pch,15,01.008.009800.1,729
pch,15,01.008.009800.2,730
pch,15,01.008.009800.3,731
pch,15,01.008.009800.4,732
pch,15,01.008.009800.5,733
pch,15,01.008.009800.6,734
pch,15,01.008.009800.7,735
pch,15,01.008.009900.1,736
pch,15,01.008.009900.2,737
pch,15,01.008.009900.3,738
pch,15,01.008.009900.4,739
pch,15,01.008.009900.5,740
pch,15,01.008.009900.6,741
pch,15,01.008.009900.7,742
pch,15,01.008.009900.8,743
pch,15,01.008.010100.1,744
pch,15,01.008.010100.2,745
pch,15,01.008.010100.3,746
pch,15,01.008.010100.4,747
pch,15,01.008.010100.5,748
pch,15,01.008.010100.6,749
pch,15,01.008.010200.1,750
pch,15,01.008.010200.2,751
pch,15,01.008.010200.3,752
pch,15,01.008.010200.4,753
pch,15,01.008.010200.5,754
pch,15,01.008.010200.6,755
pch,15,01.008.010200.7,756
pch,15,01.008.010200.8,757
pch,15,01.008.010300.1,758
pch,15,01.008.010300.2,759
pch,15,01.008.010300.3,760
pch,15,01.008.010300.4,761
pch,15,01.008.010300.5,762
pch,15,01.008.010300.6,763
pch,15,01.008.010300.7,764
pch,15,01.008.010300.8,765
pch,15,01.008.010300.9,766
pch,15,01.008.010400.1,767
pch,15,01.008.010400.2,768
pch,15,01.008.010400.3,769
pch,15,01.008.010400.4,770
pch,15,01.008.010400.5,771
pch,15,01.008.010400.6,772
pch,15,01.008.010400.7,773
pch,15,01.008.010400.8,774
pch,15,01.008.010500.1,775
pch,15,01.008.010500.2,776
pch,15,01.008.010500.3,777
pch,15,01.008.010500.4,778
pch,15,01.008.010500.5,779
pch,15,01.008.010500.6,780
pch,15,01.008.010500.7,781
pch,15,01.008.010500.8,782
pch,15,01.008.010500.9,783
pch,15,01.008.010600.1,784
pch,15,01.008.010600.2,785
pch,15,01.008.010600.3,786
pch,15,01.008.010600.4,787
pch,15,01.008.010600.5,788
pch,15,01.008.010600.6,789
pch,15,01.008.010600.7,790
pch,15,01.008.010700.1,791
pch,15,01.008.010700.2,792
pch,15,01.008.010700.3,793
pch,15,01.008.010700.4,794
pch,15,01.008.010700.5,795
pch,15,01.008.010700.6,796
pch,15,01.008.010700.7,797
pch,15,01.008.010700.8,798
pch,15,01.008.010700.9,799
pch,15,01.008.010800.1,800
pch,15,01.008.010800.2,801
pch,15,01.008.010800.3,802
pch,15,01.008.010900.1,803
pch,15,01.008.010900.2,804
pch,15,01.008.010900.3,805
pch,15,01.008.010900.4,806
pch,15,01.008.010900.5,807
pch,15,01.008.010900.6,808
pch,15,01.008.010900.7,809
pch,15,01.008.011000.1,810
pch,15,01.008.011000.2,811
pch,15,01.008.011000.3,812
pch,15,01.008.011000.4,813
pch,15,01.009.002700.1,814
pch,15,01.009.002700.2,815
pch,15,01.009.002700.3,816
pch,15,01.009.002700.4,817
pch,15,01.009.002700.5,818
pch,15,01.009.002800.1,819
pch,15,01.009.002800.2,820
pch,15,01.009.002800.3,821
pch,15,01.009.002800.4,822
pch,15,01.009.002800.5,823
pch,15,01.009.002900.1,824
pch,15,01.009.002900.2,825
pch,15,01.009.002900.3,826
pch,15,01.009.003000.1,827
pch,15,01.009.003100.1,828
pch,15,01.009.003100.2,829
pch,15,01.009.003100.3,830
pch,15,01.009.003200.1,831
pch,15,01.009.003200.2,832
pch,15,01.009.003200.3,833
pch,15,01.009.003200.4,834
pch,15,01.009.003200.5,835
pch,15,01.009.003200.6,836
pch,15,01.011.012600.1,837
pch,15,01.011.012600.2,838
pch,15,01.011.012600.3,839
pch,15,01.011.012600.4,840
pch,15,01.011.012700.1,841
pch,15,01.011.012700.2,842
pch,15,01.011.012700.3,843
pch,15,01.011.012800.1,844
pch,15,01.011.012800.2,845
pch,15,01.011.012800.3,846
pch,15,01.011.012800.4,847
pch,15,01.011.012800.5,848
pch,15,01.011.012800.6,849
pch,15,01.011.012800.7,850
pch,15,01.011.012900.1,851
pch,15,01.011.012900.2,852
pch,15,01.011.012900.3,853
pch,15,01.011.012900.4,854
pch,15,01.011.012900.5,855
pch,15,01.011.012900.6,856
pch,15,01.011.012900.7,857
pch,15,01.011.012900.8,858
pch,15,01.011.013000.1,859
pch,15,01.011.013000.2,860
pch,15,01.011.013000.3,861
pch,15,01.011.013000.4,862
pch,15,01.011.013000.5,863
pch,15,01.011.013000.6,864
pch,15,01.011.013000.7,865
pch,15,01.011.013000.8,866
pch,15,01.011.013100.1,867
pch,15,01.011.013100.2,868
pch,15,01.011.013100.3,869
pch,15,01.011.013100.4,870
pch,15,01.011.013100.5,871
pch,15,01.011.013100.6,872
pch,15,01.011.013100.7,873
pch,15,01.011.013100.8,874
pch,15,01.011.013100.9,875
pch,15,01.011.013200.1,876
pch,15,01.011.013200.2,877
pch,15,01.011.013200.3,878
pch,15,01.011.013200.4,879
pch,15,01.011.013200.5,880
pch,15,01.011.013200.6,881
pch,15,01.011.013300.1,882
pch,15,01.011.013300.2,883
pch,15,01.011.013300.3,884
pch,15,01.011.013300.4,885
pch,15,01.011.013300.5,886
pch,15,01.011.013300.6,887
pch,15,01.011.013300.7,888
pch,15,01.011.013300.8,889
pch,15,01.011.013300.9,890
pch,15,01.011.013400.1,891
pch,15,01.011.013400.2,892
pch,15,01.011.013400.3,893
pch,15,01.011.013400.4,894
pch,15,01.011.013400.5,895
pch,15,01.011.013400.6,896
pch,15,01.011.013400.7,897
pch,15,01.011.013400.8,898
pch,15,01.011.013500.1,899
pch,15,01.011.013500.2,900
pch,15,01.011.013500.3,901
pch,15,01.011.013500.4,902
pch,15,01.011.013500.5,903
pch,15,01.011.013500.6,904
pch,15,01.011.013500.7,905
pch,15,01.011.013500.8,906
pch,15,01.011.013600.1,907
pch,15,01.011.013600.2,908
pch,15,01.011.013600.3,909
pch,15,01.011.013600.4,910
pch,15,01.011.013600.5,911
pch,15,01.011.013600.6,912
pch,15,01.011.013600.7,913
pch,15,01.011.013600.8,914
pch,15,01.011.013600.9,915
pch,15,01.011.013700.1,916
pch,15,01.011.013700.2,917
pch,15,01.011.013700.3,918
pch,15,01.011.013700.4,919
pch,15,01.011.013700.5,920
pch,15,01.011.013700.6,921
pch,15,01.011.013700.7,922
pch,15,01.011.013700.8,923
pch,15,01.011.013800.1,924
pch,15,01.011.013800.2,925
pch,15,01.011.013800.3,926
pch,15,01.011.013800.4,927
pch,15,01.011.013800.5,928
pch,15,01.011.013800.6,929
pch,15,01.011.013800.7,930
pch,15,01.011.013800.8,931
pch,15,01.011.013800.9,932
pch,15,01.011.013900.1,933
pch,15,01.011.013900.2,934
pch,15,01.011.013900.3,935
pch,15,01.011.013900.4,936
pch,15,01.011.013900.5,937
pch,15,01.011.013900.6,938
pch,15,01.011.013900.7,939
pch,15,01.011.013900.8,940
pch,15,01.011.013900.9,941
pch,15,01.011.014000.1,942
pch,15,01.011.014000.2,943
pch,15,01.011.014000.3,944
pch,15,01.011.014100.1,945
pch,15,01.011.014100.2,946
pch,15,01.011.014100.3,947
pch,15,01.011.014100.4,948
pch,15,01.011.014100.5,949
pch,15,01.011.014100.6,950
pch,15,01.011.014100.7,951
pch,15,01.011.014200.1,952
pch,15,01.011.014200.2,953
pch,15,01.011.014200.3,954
pch,15,01.011.014200.4,955
pch,15,01.011.014200.5,956
pch,15,01.011.014200.6,957
pch,15,01.011.014200.7,958
pch,15,01.011.014200.8,959
pch,15,01.011.014300.1,960
pch,15,01.011.014300.2,961
pch,15,01.011.014300.3,962
pch,15,01.011.014300.4,963
pch,15,01.011.014300.5,964
pch,15,01.011.014300.6,965
pch,15,01.011.014400.1,966
pch,15,01.011.014400.2,967
pch,15,01.011.014400.3,968
pch,15,01.011.014500.1,969
pch,15,01.011.014500.2,970
pch,15,01.011.014500.3,971
pch,15,01.011.014500.4,972
pch,15,01.011.014500.5,973
pch,15,01.011.014500.6,974
pch,15,01.011.014500.7,975
pch,15,01.011.014500.8,976
pch,15,01.011.014600.1,977
pch,15,01.011.014600.2,978
pch,15,01.011.014600.3,979
pch,15,01.011.014600.4,980
pch,15,01.011.014600.5,981
pch,15,01.011.014600.6,982
pch,15,01.011.014600.7,983
pch,15,01.011.014600.8,984
pch,15,01.011.014700.1,985
pch,15,01.011.014700.2,986
pch,15,01.011.014700.3,987
pch,15,01.011.014700.4,988
pch,15,01.011.014700.5,989
pch,15,01.011.014800.1,990
pch,15,01.011.014800.2,991
pch,15,01.011.014800.3,992
pch,15,01.011.014800.4,993
pch,15,01.011.014800.5,994
pch,15,01.011.014800.6,995
pch,15,01.011.014800.7,996
pch,15,01.011.014800.8,997
pch,15,01.011.014800.9,998
pch,15,01.011.014900.1,999
pch,15,01.011.014900.2,1000
pch,15,01.011.014900.3,1001
pch,15,01.011.014900.4,1002
pch,15,01.011.014900.5,1003
pch,15,01.011.014900.6,1004
pch,15,01.011.014900.7,1005
pch,15,01.011.014900.8,1006
pch,15,01.011.015000.1,1007
pch,15,01.011.015000.2,1008
pch,15,01.011.015000.3,1009
pch,15,01.011.015000.4,1010
pch,15,01.011.015000.5,1011
pch,15,01.011.015000.6,1012
pch,15,01.011.015100.1,1013
pch,15,01.011.015100.2,1014
pch,15,01.011.015100.3,1015
pch,15,01.011.015100.4,1016
pch,15,01.011.015100.5,1017
pch,15,01.011.015100.6,1018
pch,15,01.011.015100.7,1019
pch,15,01.011.015200.1,1020
pch,15,01.011.015200.2,1021
pch,15,01.011.015200.3,1022
pch,15,01.011.015300.1,1023
pch,15,01.011.015300.2,1024
pch,15,01.011.015300.3,1025
pch,15,01.011.015300.4,1026
pch,15,01.011.015300.5,1027
pch,15,01.011.015300.6,1028
pch,15,01.011.015400.1,1029
pch,15,01.011.015400.2,1030
pch,15,01.011.015400.3,1031
pch,15,01.011.015400.4,1032
pch,15,01.011.015500.1,1033
pch,15,01.011.015500.2,1034
pch,15,01.011.015500.3,1035
pch,15,01.011.015500.4,1036
pch,15,01.011.015500.5,1037
pch,15,01.011.015500.6,1038
pch,15,01.011.015500.7,1039
pch,15,01.011.015600.1,1040
pch,15,01.011.015600.2,1041
pch,15,01.011.015600.3,1042
pch,15,01.011.015600.4,1043
pch,15,01.011.015600.5,1044
pch,15,01.011.015600.6,1045
pch,15,01.011.015600.7,1046
pch,15,01.011.015700.1,1047
pch,15,01.011.015700.2,1048
pch,15,01.011.015700.3,1049
pch,15,01.011.015700.4,1050
pch,15,01.011.015800.1,1051
pch,15,01.011.015800.2,1052
pch,15,01.012.003000.2,1053
pch,15,01.012.015900.1,1054
pch,15,01.012.015900.2,1055
pch,15,01.012.015900.3,1056
pch,15,01.012.016000.1,1057
pch,15,01.013.016000.2,1058
pch,15,01.013.016000.3,1059
pch,15,01.013.016100.1,1060
pch,15,01.013.016100.2,1061
pch,15,01.013.016100.3,1062
pch,15,01.013.016200.1,1063
pch,15,01.013.016200.2,1064
pch,15,01.013.016200.3,1065
pch,15,01.013.016200.4,1066
pch,15,01.013.016200.5,1067
pch,15,01.013.016200.6,1068
pch,15,01.013.016200.7,1069
pch,15,01.013.016300.1,1070
pch,15,01.013.016300.2,1071
pch,15,01.013.016300.3,1072
pch,15,01.013.016300.4,1073
pch,15,01.013.016300.5,1074
pch,15,01.013.016300.6,1075
pch,15,01.013.016300.7,1076
pch,15,01.013.016300.8,1077
pch,15,01.013.016400.1,1078
pch,15,01.013.016400.2,1079
pch,15,01.013.016400.3,1080
pch,15,01.013.016400.4,1081
pch,15,01.013.016400.5,1082
pch,15,01.013.016400.6,1083
pch,15,01.013.016400.7,1084
pch,15,01.013.016400.8,1085
pch,15,01.013.016500.1,1086
pch,15,01.013.016500.2,1087
pch,15,01.013.016600.1,1088
pch,15,01.013.016600.2,1089
pch,15,01.013.016600.3,1090
pch,15,01.013.016600.4,1091
pch,15,01.013.016600.5,1092
pch,15,01.013.016600.6,1093
pch,15,01.013.016600.7,1094
pch,15,01.013.016700.1,1095
pch,15,01.013.016700.2,1096
pch,15,01.013.016700.3,1097
pch,15,01.013.016700.4,1098
pch,15,01.013.016700.5,1099
pch,15,01.013.016700.6,1100
pch,15,01.013.016700.7,1101
pch,15,01.013.016800.1,1102
pch,15,01.013.016800.2,1103
pch,15,01.013.016800.3,1104
pch,15,01.014.017200.1,1105
pch,15,01.014.017200.2,1106
pch,15,01.014.017200.3,1107
pch,15,01.014.017200.4,1108
pch,15,01.014.017200.5,1109
pch,15,01.014.017200.7,1110
pch,15,01.014.017300.1,1111
pch,15,01.014.017300.2,1112
pch,15,01.014.017300.3,1113
pch,15,01.014.017300.4,1114
pch,15,01.014.017300.5,1115
pch,15,01.014.017300.6,1116
pch,15,01.014.017300.7,1117
pch,15,01.014.017500.1,1118
pch,15,01.014.017600.1,1119
pch,15,01.014.017600.2,1120
pch,15,01.014.017600.3,1121
pch,15,01.014.017600.4,1122
pch,15,01.014.017600.5,1123
pch,15,01.014.017700.1,1124
pch,15,01.014.017700.2,1125
pch,15,01.014.017700.3,1126
pch,15,01.014.017700.4,1127
pch,15,01.014.017700.5,1128
pch,15,01.014.017700.6,1129
pch,15,01.014.017700.7,1130
pch,15,01.014.017700.8,1131
pch,15,01.014.017800.1,1132
pch,15,01.014.017800.2,1133
pch,15,01.014.017800.3,1134
pch,15,01.014.017800.4,1135
pch,15,01.014.017800.5,1136
pch,15,01.014.017900.1,1137
pch,15,01.014.017900.2,1138
pch,15,01.014.018000.1,1139
pch,15,01.014.018000.2,1140
pch,15,01.014.018000.3,1141
pch,15,01.014.018000.4,1142
pch,15,01.014.018100.1,1143
pch,15,01.014.018100.2,1144
pch,15,01.014.018100.3,1145
pch,15,01.014.018100.4,1146
pch,15,01.014.018100.5,1147
pch,15,01.014.018100.6,1148
pch,15,01.014.018200.1,1149
pch,15,01.014.018200.2,1150
pch,15,01.014.018200.3,1151
pch,15,01.014.018200.4,1152
pch,15,01.014.018200.5,1153
pch,15,01.014.018200.6,1154
pch,15,01.014.018200.7,1155
pch,15,01.014.018300.1,1156
pch,15,01.014.018300.2,1157
pch,15,01.014.018300.3,1158
pch,15,01.014.018300.4,1159
pch,15,01.014.018300.5,1160
pch,15,01.014.018300.6,1161
pch,15,01.014.018300.7,1162
pch,15,01.014.018400.1,1163
pch,15,01.014.018400.2,1164
pch,15,01.014.018400.3,1165
pch,15,01.014.018400.4,1166
pch,15,01.014.018400.5,1167
pch,15,01.014.018400.6,1168
pch,15,01.014.018400.7,1169
pch,15,01.014.018400.8,1170
pch,15,01.014.018400.9,1171
pch,15,01.014.018500.1,1172
pch,15,01.014.018500.2,1173
pch,15,01.014.018500.3,1174
pch,15,01.014.018500.4,1175
pch,15,01.014.018500.5,1176
pch,15,01.014.018500.6,1177
pch,15,01.014.018500.7,1178
pch,15,01.014.018500.8,1179
pch,15,01.014.018600.1,1180
pch,15,01.014.018600.2,1181
pch,15,01.014.018600.3,1182
pch,15,01.014.018600.4,1183
pch,15,01.014.018600.5,1184
pch,15,01.014.018600.6,1185
pch,15,01.014.018700.1,1186
pch,15,01.014.018700.2,1187
pch,15,01.014.018800.1,1188
pch,15,01.014.018800.2,1189
pch,15,01.015.016200.2,1190
pch,15,01.015.016200.3,1191
pch,15,01.015.016200.4,1192
pch,15,01.015.016900.1,1193
pch,15,01.015.016900.2,1194
pch,15,01.015.016900.3,1195
pch,15,01.016.017000.1,1196
pch,15,01.016.017000.2,1197
pch,15,01.016.017100.1,1198
pch,15,01.017.018900.1,1199
pch,15,01.017.019000.1,1200
pch,15,01.017.019000.2,1201
pch,15,01.018.019100.1,1202
pch,15,01.018.019100.2,1203
pch,15,01.018.019100.3,1204
pch,15,01.018.019100.4,1205
pch,15,01.018.019100.5,1206
pch,15,01.018.019200.1,1207
pch,15,01.018.019200.2,1208
pch,15,01.018.019200.3,1209
pch,15,01.018.019300.1,1210
pch,15,01.018.019300.2,1211
pch,15,01.018.019300.3,1212
pch,15,01.018.019400.1,1213
pch,15,01.018.019400.2,1214
pch,15,01.018.019400.3,1215
pch,15,01.018.019500.1,1216
pch,15,01.018.019500.2,1217
pch,15,01.018.019500.3,1218
